name,url,price,country,region,origin_category,total_score,cupper_correction,cupping_dry_fragrance,cupping_wet_aroma,cupping_brightness,cupping_flavor,cupping_body,cupping_finish,cupping_sweetness,cupping_clean_cup,cupping_complexity,cupping_uniformity,flavor_floral,flavor_honey,flavor_sugars,flavor_caramel,flavor_fruits,flavor_citrus,flavor_berry,flavor_cocoa,flavor_nuts,flavor_rustic,flavor_spice,flavor_flavor_body,process_method,cultivar,cultivar_detail,farm_gate,processing,drying_method,arrival_date,lot_size,bag_size,packaging,grade,appearance,roast_recommendations,type,recommended_for_espresso,short_description,full_cupping_notes,farm_notes,watchlist_match,watchlist_farm,watchlist_tier,watchlist_credential_type,watchlist_credential_detail,watchlist_notes,watchlist_url
Brazil Cerrado Ana Maria Menezes,https://www.sweetmarias.com/brazil-cerrado-ana-maria-menezes-8604.html,$9.45,Brazil,"Carmo do Paranaíba, Minas Geraís",South America,86,3,8.2,8.5,7.6,8.2,9,8.2,8.3,8.2,8.5,8.3,0,0,2.5,3,0,0,0,4,3.5,2,0,4,Dry Process (Natural),Modern Hybrids,Catuaí,Yes,Dry Process (Natural),Patio Sun-Dried,February 2026 Arrival,59,60 KG,Ecotact Liner,Estate 15+,".8 d/300gr, 15-17 Screen",City+ to Full City+,Farm Gate,Yes,This lot delves into the savory nut and bittersweet chocolate flavors that Brazilian coffee is known for. Thick body and mild acidity make it a great coffee for milk drinks and espresso too! City+ to Full City+. Good for espresso.,"This lot delves into the savory nut and bittersweet chocolate flavors that Brazilian coffee is known for. Thick body and very mild acidity also make it a great espresso option for fans of bittersweet shots that stand up to steamed milk. The fragrance and aroma gave off raw and toasted nuts interspersed with roast-y dark, bittering. The cup is thick-textured, giving palpable weight to the deep, dark cocoa notes, mildly sweet up front that then fade to very long-lasting, bittering baking cocoa note. The profile has umami accents throughout that point to toasted nut and grains, peanut and almond, and lightly sweetened sunflower butter. The coffee ends where it starts, with reverberating bittersweetness that leaves a lot to contemplate.","Ana Maria Menezes manages her family farm, Lenheiros, in Carmo do Paranaíba, Cerrado Mineiro Region. The farm dates back 100 years, though it wasn't originally planted in coffee. It wasn't until 1984 that her husband, Valdir, made the decision to shift the focus to coffee production planting the first 10 hectares. Sadly, her husband passed away a few years later, leaving Ana with the decision of how to move forward. Ana quickly settled into farm management, navigating the harvest season, and reinvesting in upkeep and a slow expansion of new plants in between. The farm has grown to 75 hectares, planted in a mix of Catuaí (red and yellow), Mundo Novo, and Acauã. Ana still has a hand in daily operations, but the care of the farm is shared by her two children who are agronomists, as well as her husband, who also has a background in coffee.",,,,,,,
Brazil Dry Process Felipe Gonçalvez,https://www.sweetmarias.com/brazil-dry-process-felipe-goncalvez-8544.html,$9.50,Brazil,"Natércia, Minas Geraís",South America,86.5,3,8.2,8.5,8.3,8.4,9,7.8,8.3,8,8.5,8.5,0,1.5,2,3,1.5,0,0,4,3.5,3,0,4,Dry Process (Natural),"Bourbon Types, Modern Hybrids","Arara, Mundo Novo, Obata",Yes,Dry Process (Natural),Patio Sun-Dried,Nov 2025,61,60 KG,GrainPro Liner,Estate 15 Up,".6 d/300gr, 15-17 Screen",City+ to Full City+,Farm Gate,Yes,"Bittersweet profiles are accented by notes of raw nuts, and faint top notes bring out a pleasantly mild acidic hint. Flavors of hazelnut syrup, rustic prune, and chocolate liqueur. City+ to Full City+. Good for espresso.","The fragrance offers some rustic fruited hints in the background, with bolder bittersweet tones, and accents of raw nuts, like cashew and walnut. The wet aroma has a nice intensity to it, dark cocoa and toasted nuts, with hints of cooked fruit, and date cake. I've been enjoying my City+ roast quite a bit. It carries a moderate level of acidity, often a hole in the Brazilian cup profile. Don't get me wrong, low acidity is part of what's built such a fervent following for Brazilian coffee, and I assure those folks that this is not a ""bright"" coffee. But there is a mild 'snap' to the faint top notes I tasted in this otherwise bittersweet, and nutty profile, like rustic dried prune, a hint of Sherry, and hazelnut syrup. It's all very subtle, and comes into play as you move through it. Darker roast levels build a deep toned profiles of extra dark cacao bar, with accents of chocolate liqueur, baking cocoa, and a note of boiled peanut in the aftertaste.","This lot is from farmer Felipe Gonçalvez, who is the third generation to manage their family farm, Sítio Alto da Serra is a family-owned property now in its third generation. The farm was passed on to his father, Dominico, who is still very much a part of the daily operations. The property is located in the Mantiqueira region of Minas Gerais, in the municipality of Natércia. This area has soft sloping mountains, and Alto da Serra spans a range of 1100 to 1250 meters above sea level. Farms in this region are typically planted in a mix of Bourbon and disease resistent hybrids, like Arara, Mundo Novo, Obata and others. This particular lot was dry processed, meaning the whole coffee cherries were dried with the seeds intact. In Brazil, dry process coffee is known for round body and low acidity rather than fruit, making them a popular go-to base ingredient for blends. Like most Brazilian coffees the cup quality is bolstered with rest after roasting, where some of the disparate flavors coallesce and mellow out to some degree. We prefer at least 48 hours.",,,,,,,
Brazil Jacuí Tulio Arantes,https://www.sweetmarias.com/brazil-jacui-tulio-arantes-8606.html,$9.35,Brazil,"Jacuí, Minas Geraís",South America,85.5,4,7.8,8.2,7.5,8,9.4,7.8,8,7.8,8.5,8.5,0,0,2.5,2,0,0,0,4.5,4,3,0,4.5,Dry Process (Natural),"Bourbon Types, Modern Hybrids",Catuaí,Yes,Dry Process (Natural),Patio Sun-Dried and Mechanical Dryer,Feb 2026,65,60 KG,GrainPro Liner,Estate,".8 d/300gr, 15-17 Screen",Full City to Full City+,Farm Gate,Yes,"Mild sweetness pairs well with aggressive bass tones, and thick, creamy body. Cools to rich dark chocolate, pecan shortbread, and muted acidity that's unimposing. Full City to Full City+. Good for espresso.","Full City proved to be a good roast level for this coffee, where the brew showed mildly-sweet notes of almond milk and pecan shortbread, along with the rich chocolate bittering that I expected from the way the coffee smelled. The cup has a thick, creamy texture to it, which helps convey bass toned flavors, dark bittersweets, along with creamy hazelnut, and malted accents. Acidity is also unimposing, which I think some people will really enjoy. My Full City+ roast that reached the start of 2nd Crack was still a good representation of low toned Brazilian coffee, but the dominant features are smokey and bitter, which for me means cutting with cream! It should make an excellent espresso, but I'm waiting at least 5 days before trying my roasts.","Like so many other farmers, Tulio Arantes started working his family farm as a child, where he learned about planting, caring for, and harvesting coffee each growing season. At just 18, he bought his own small piece of land to plant a farm, eventually aquiring another. His farm is called Sitio Santana, and has an altitude of 1100 meters. It's located on the outskirts of Jacuí, which is part of south Minas Mogiana growing region. At just 8 hectares in total, Tulio is able to manage most of the operations with just the help of his family. This lot was dry processed, meaning the whole cherries are dried as one. While some dry process coffees can be fruity, Brazilian dry process coffees tend to be more body/bittersweet base, which has earned them the reputation of being the perfect base for blending.",,,,,,,
Brazil Machado Recanto do Engenho,https://www.sweetmarias.com/brazil-machado-recanto-do-engenho-8608.html,$9.40,Brazil,"Machado, Minas Geraís",South America,86.8,3,8.2,8.3,8.2,8.4,9.2,8,8.2,7.8,9,8.5,0,0,3,3,1.5,0,0,4.5,4,3.5,0,4,Dry Process (Natural),"Bourbon Types, Modern Hybrids",Catuaí,Yes,Dry Process (Natural),"Patio Sun-Dried, and Mechanical Dryer",February 2026 Arrival,109,60 KG,GrainPro Liner,Estate 16 Up,".6 d/300gr, 16+ Screen",City+ to Full City+,Farm Gate,Yes,"Great at medium to dark roast levels. Deep-toned flavors and umami accents, bittersweet chocolate, toasted sesame, walnut, hint of fruit leather, milky body. City+ to Full City+. Good for espresso.","From dry fragrance to the wet aroma, there's a sweet nutty side to the background bittersweetness that came through in both our City+ and medium Full City roast levels. I sensed Thai peanut sauce, nut brittle, with notes of brown ale, with dense, dark, rustic cocoa behind it. My favorite roast for brewing was Full City, though a slightly lighter level reveals more of the umami characteristics and a hint of acidity, which I think some will really enjoy. Full City roasts show dark-toned chocolates, with accents of toasted sesame and walnut notes that mark the aroma. There's also a rustic fruit leather accent that's slight, yet provides a nice contrasting note to the roast tones. I enjoyed the espresso shots I pulled too, and found a 1:1 ratio with wet hulled coffee makes an outstanding chocolaty shot (here's the one I tested for this review). The texture feels thick, like heavy whipping cream, with prominent bittersweet dark chocolate, baking cocoa bittering, and hints of leather and vanilla bean in the aromatics.","This creamy Brazilian coffee comes from Recanto do Engenho, a farm in the city of Machado, Minas Geraís. The farm has been in the Moreira family for two generations, and currently under the care of Adilson Moreira Soares and his family. The city's name, ""Machado"", translates to ""axe"" in Portuguese, and likely stems from the long agricultural history in this region, particularly coffee production. Recanto do Engenho sits at 1150 meters above sea level, and is planted in a mix of varieties that are harvested together. This is a dry process coffee, meaning the whole coffee cherries are picked and dried before removing the outer fruit. While this method is often associated with more fruit-forward flavors, that's not always the case. Especially in Brazil. Adilson's coffee brews big body and bittersweetness, with background umami flavors, and hint of fruit. We found that it worked excellent in the mid-to-dark roast range, and worked quite well as espresso and brewed coffee. All coffees benefit from resting, but particularly coffee from Brazil. There can be a harshness in the freshly roasted coffee, that tends to mellow out after 48 to 72 hours time. I let my espresso roast rest for 5 days before testing (but not necessary).",,,,,,,
Brazil Pulp Natural Andréia Moreira,https://www.sweetmarias.com/brazil-pulp-natural-andreia-moreira-8539.html,$9.45,Brazil,"São Sebastião da Bela Vista, Minas Geraís",South America,86,3.5,8.2,8.3,7.8,8.3,8.6,8,8.2,8.4,8.4,8.3,0,0,2,2.5,0,0,0,4,4,2,0,3.5,Pulp Natural,Modern Hybrids,,Yes,Pulp Natural,Patio Sun-dried,Nov 2025,50,60 KG,GrainPro Liner,Estate 15 Up,".6 d/300gr, 15-17 Screen",City+ to Full City+,Farm Gate,Yes,"Light accents of raw sugar and roasted nuts that shift to savory bittersweets at darker levels. Caramel peanut, almond meal, cocoa dusted almond, chocolate dipped pretzel. City+ to Full City+. Good for espresso.","The grinds are marked by savory-sweet notes of candied nuts, sweet peanut sauce, and a hint of sesame cracker. Adding hot water draws out mild chocolate tones as well, like creamy milk chocolate, sprinkled with roasted nuts. It brews a pleasantly mild Pulp Natural profile, lightly accented by raw sugar and nutty hints, with the lighter roasts give off a subtle acidic hint. We only tested City+ and Full City, but I wouldn't hesitate to take this coffee to the start of 2nd Crack. However, I would avoid taking it to a rolling 2nd Crack. It's a lower density coffee, and roasting too dark will see bittering flavors overpowering the milder sweet notes this coffee offers at lighter levels. City+ brought together a hint of brown sugar, with caramel drizzled peanut, marzipan, and almond meal. Full City roast had a note of chocolate dipped pretzel, and cocoa dusted almonds.","Andréia Moreira is a fifth generation coffee producer, and part of a long line of agricultural families in Southern Minas Geraís. Her farm, São José, is located in the rural hillside town of São Sebastião da Bela Vista at an altitude range of 900 to 1200 meters above sea level. She produces dry process and pulp natural coffees, this being the latter. Pulp natural is about the closest approximation of your typical washed/wet process coffee, but does not undergo any fermentation. Instead, they dry the coffee after the cherry pulp is mechanically removed, leaving behind a thin layer of fruit mucilage. It's actually more like a honey process in this way, and tends to produce mild flavors, body, and sometimes a hint of acidity. Andréia's coffee comes from a supplier from the nearby town of Santa Rita do Sapucaí, Agrorigem. It's run by a woman named Dani Alkmin who has made it her mission to bring the unique coffees from this beautiful part of Sul de Minas to the world. She's also president of “Mulheres Empreendedoras do Cafe”, a local women’s coffee association that includes all parts of the chain, and Andréia is a member.",,,,,,,
Burundi Colline Rugembe,https://www.sweetmarias.com/burundi-colline-rugembe-8660.html,$8.75,,"Colline Rugembe, Mutambu",Africa,87.9,1.5,8.5,8.7,8.6,8.7,8.8,8.5,8.7,8.4,8.5,9,0,2,4,4,2,2,0,4,0,0,2,4,Wet Process (Washed),Bourbon Types,Bourbon,Yes,Wet Process (Washed),Raised Bed Sun-Dried,May 2026,16,60 KG,GrainPro Liner,A1,".2 d/300gr, 15-17 Screen",City+ to Full City+,Farm Gate,Yes,"Versatile Burundi that roasts easily, with convincing bittersweetness and bright accents in both brewed coffee and espresso. Caramel, dark chocolate truffle, brisk tea note, spiced cocoa. City+ to Full City+. Good for espresso.","I tried this season's Rugembe as espresso first, not because I knew it would be a knockout (it is!), but because I needed a little pick me up to get me through the day. I was sure glad I did! Full City shots have the kind of bittersweet, bright character I love in espresso, a lot like a classic high grown Antiguan coffee from Guatemala. It reminded me just how versatile Burundi coffee can be. The dry fragrance has smells butter cream frosting and brown sugar, with delicate accents. The wet aroma smelled simple and clean, with layers of raw sugar, and a hint of tea. The brew follows suit, with convincing sweetness in all our roast tests, sugar in the raw, caramel, and butterscotch, followed by a malty note. The brew is well balanced and refreshingly simple, the acidity being a bit more forward in the lighter roasts, but not ""bright"" per se. More like brisk lemon tea, with a slight grabby aspect in the finish. Full City roasts show bittersweet notes that are balanced by a sweet underlay, a bit like inexpensive chocolates (think Lindt dark truffle, and Hershey's ""Extra Dark"") . Espresso shots are rich with dark chocolate syrup flavors, highlighted by tart lemon and a spiced cocoa powder finishing flavor. Really excellent as single origin espresso and would make a great base for cappuccino too.","The coffee washing station at Rugembe Hill is not the highest altitude site we're buying from in Mutambu, but it was certainly one of the best we cupped when visiting last Summer. It's worth noting that while the wet mill isn't all that high up, the steep mountainside quickly reaches up toward 2000 meters where the coffee is grown. All of the lower altitude coffee near the wet mill is processed separately as a different grade. This is the first year we've bought coffee from this group, going all in with 4 lots from their various coffee processing sites in the region. The coffee is depulped using a 3-disc depulper, fermented with water and graded in long cement washing channels. Before drying on long, raised drying beds, the wet parchment drip-dries on small screens where any physical defects that can be identified by sight are removed.",,,,,,,
Burundi Collines Masenga,https://www.sweetmarias.com/burundi-colline-masenga-8658.html,$9.05,,Masenga Hill,Africa,89.2,1,8.8,9,9,9,8.3,8.9,9,8.7,9,8.5,0,2,4,0,2.5,2.5,0,2,0,0,3.5,3,Wet Process (Washed),Bourbon Types,Bourbon,Yes,Wet Process (Washed),Raised Bed Sun-Dried,May 2026,42,60 KG,GrainPro Liner,A1,".2 d/300gr, 15-17 Screen",City to City+,Farm Gate,,"The profile is on the delicate and bright side for Burundi, with elegant acidity that weaves through complex raw sugar sweetness. Top notes hint at cinnamon stick, rose hips tea, and lemon. Excellent pour-over. City to City+.","We've really enjoyed the light/bright aspects found in this year's coffee from Masenga. Compared to the others in the box, the profile is a bit more delicate and high-toned, with elegant acidity that weaves through complex sweetness at lighter roast levels. The fragrance had a maple sugar note that was quite potent, with sprinkles of unrefined sugar, and complex baking spices. The wet aromatics were a bit more spice-forward, all spice and cinnamon notes layered with dark sugar,  honey, and a hint of orange. Some of that spiced complexity comes through in the cup too, well-integrated and balanced, and sits nicely with the assemblage of raw sugar notes that inform the core cup sweetness. As the coffee cools, the delicate aspects start to outline more distinct flavors of cinnamon stick, chamomile and rose hips teas, along with a hint of lemon essence. These aspects bring quite a bit of interest to light City roasts, and lighter body paired with tartaric acidity shines a light on Masenga's crisp cup profile.","This coffee comes from the Masenga hill (""colline"") region, and part of a cluster of hilltop villages that we bought coffee from this year. It's opposite of Migoti hill, which you may be familiar with from our site. In fact, this coffee is from the same group, headed by a man named Dan Brose, and his partner Poncien. They buy coffee from the surrounding hillsides and then process it at their wet milling site in Migoti. With plenty of washing tanks, Migoti is well-equipped to manage lot separations in order to isolate different qualities during the main part of the harvest. They have two sets of tanks and the coffee is fermented in 2 stages. The first stage is dry fermentation, where the coffee is poured into the cement tanks without water. After 12 hours, fermentation is well underway. The coffee is then moved to a second tank where water is added and the process continues for another half-day, after which it is soaked in clean water for 4 to 6 hours. Once the fruit mucilage is completely washed away, the coffee is moved to what are called ""skin drying tables"" where it is hand sorted for defects that are easiest to see while the coffee is still wet. Finally, the coffee is moved to raised beds and dried the rest of the way down to 11% moisture.",,,,,,,
Burundi Dry Process Colline Kigina,https://www.sweetmarias.com/burundi-dry-process-colline-kigina-8665.html,$9.50,,"Colline Kigina, Bujumbura",Africa,89.4,1,9,9.1,8.7,9.1,8.9,8.8,9,8,9.5,8.3,0,2,3.5,1,4.5,0,4,3.5,0,3,2,4,Dry Process (Natural),Bourbon Types,Bourbon,Yes,Dry Process (Natural),Raised Bed Sun-Dried,May 2026,33,60 KG,GrainPro Liner,A1,".4 d/300gr, 15-17 Screen",City to Full City,Farm Gate,,"Berry-toned dry process that's quite versatile in the roaster. Notes of blackberry, dried mango, fig, sorghum syrup, blueberry muffin, and chocolate bittersweets that are drawn out in medium roasts. City to Full City.","Kigina turned out to be very versatile in the roaster. It delivered berry-toned flavors in both our roast tests, with fruited brightness and rustic raw sugars at City, and more of a weighty bittersweet backdrop with dried fruit accents in the medium roasts. Grinding the coffee releases sweet undertones accented by dried berries, and a fragrant honey note. The aroma from the wet grounds extracts a more caramelized sweetness, like cooked brown sugars accented by pastry fillings of dark stone fruits, and a distinct note of steeped black tea. At City roast level, the brew has a nice berry-laden profile that weaves in notes unrefined sugars, like sorghum syrup and date sugar. It's a moderately bright dry process coffee too, with hints of fruit syrups, blackberry, and fig paste providing flavorful counterpoints to bittersweet notes that are a bit more resounding in the aftertaste. There's a tropical note as it cools that reminded me of guava candies and dried mango, and the finish showed a hint of blueberry muffin too. If you're like me, and enjoy fruited espresso, Kigina's a real showstopper, but not for the faint of heart! Shots are layered with dark chocolate and fruit flavors, like extra dark chocolate, fruit compote, and raspberry-chocolate truffles. Perfect for my taste, but perhaps too ""wild"" for those after more chocolate-toned espresso.","This coffee is from small farms situated around Colline Kigina, or Kigina ""hill"". The farmers from Kigina delivery their coffee to a mill on the neightboring hill, called Kinama. In fact, we have a dry process lot from Kinama hill as well right now that you can check out here. Both coffees are from the same group, headed by a man named Dan Brose, and his partner Poncien. The station is only producing dry process coffee at the moment, from their own sector, as well as from a few of the surrounding peaks, like Kigina. They are currently building out a wet mill too so that they can begin wet processing too, hopefully starting next year. They planned to start last year, but there was a huge fuel shortage to run their diesel generator, and there is no grid power in this part of Nyabiraba. Kigina farms start around 1700 meters above sea level, and stretch up toward the 2000 mark. We were impressed by the fruit-forward, rustic cups this dry process coffee produced, and found it to be very flexible in the roaster. Dry process coffees produce more chaff than washed, which is something to keep an eye on. Don't let it build up between roast batches, especially in roasters with open heating coils, like the Behmor.",,,,,,,
Burundi Dry Process Nyabiraba Kinama,https://www.sweetmarias.com/burundi-dry-process-nyabiraba-kinama-8664.html,$9.35,,"Collines Kinama, Nyabiraba Commune",Africa,89,1,9,9.2,8.8,9,9,8.4,9,8,9.4,8.2,0,0,3.5,2,4,0,4,4,0,3,3,4,Dry Process (Natural),Bourbon Types,Bourbon,Yes,Dry Process (Natural),Raised Bed Sun-Dried,May 2026,33,60 KG,GrainPro Liner,A1,".4 d/300gr, 15-17 Screen",City to Full City+,Farm Gate,Yes,"Fruits are a big part of this dry process profile, thought it's bittersweet and spiced accents you're left to ponder in the finish. Hints of jellied cranberry, mango tea, high % dark chocolate, coriander. City to Full City+. Good for espresso.","Grinding a City roast brought a potent sweetness of caramel and unrefined sugars, dark berry, contrasted by a background note of cocoa. There's a scent of dark chocolate laced with raspberry in the City/City+, along with a hint of cherry that was sweet and pulpy. I picked up on a berry sauce note from the steam when pouring the hot water that smelled so nice, with layers of malted cocoa, and brown sugars behind it. All these aspects come together nicely in the brewed coffee, with delicious notes of fruits and berries playing off background bittersweet tones that fill out the middle and finish. The underlying sweetness in the hot cup had the rustic appeal of date sugar and sorghum syrup, accented by a drizzle of raspberry sauce. As the temperature dips, the profile opens up to more pulpy fruit accents like jellied cranberry sauce, blueberry preserves, along with a brisk note of mango tea. While fruits are very much a part of this dry process profile, your left pondering bittersweet flavors and spice accents in the finish, like rustic cocoa powder, high % cacao dark chocolate, and coriander. We enjoyed our light and medium roasts quite a bit, though I'm sure it will do well up to second crack. I pulled a shot of espresso with my Full City roast yielding 22 grams of espresso from 18 grams of coffee. The shot had tangy bittersweetness and fruit hints, like chocolate covered cherry, with a tart note of unripe orange, and long finish of bittering cacao nibs.","The Kinama mill is a coffee processing site in Nyabiraba Commune, not far from the Migoti washing station. In fact, they're run by the same group, headed by a man named Dan Brose, and his partner Poncien. The station is only producing dry process coffee at the moment, but they are building out their wet mill so that they can hopefully begin wet processing as well. They planned to start last year, but there was a huge fuel shortage to run their deisel generator, and there is no grid power in this part of Nyabiraba. Kinama serves the local farmers on and around ""Colline"" Kinama, or Kinama ""Hill"". It was erected in the last couple of years, partially funded with money from USAID, and a lot of help from locals. The Kinama site sits at 1650 meters above sea level, and farms at the top of the hill stretch up a little higher. We were impressed by the fruit-forward, rustic cups this dry process coffee produced, and found it to be very flexible in the roaster. Dry process coffees produce more chaff than washed, which is something to keep an eye on. Don't let it build up between roast batches, especially in roasters with open heating coils, like the Behmor.",,,,,,,
Burundi Monge Murambi Hill,https://www.sweetmarias.com/burundi-monge-murambi-hill-8659.html,$8.95,,"Colline Murambi, Mutambu, Bujumbura",Africa,88.7,1,8.7,8.9,8.8,8.9,8.8,8.7,9,8.5,8.9,8.5,0,4,4,1.5,2.5,2.5,2,4,0,0,2.5,4,Wet Process (Washed),Bourbon Types,Bourbon,Yes,Wet Process (Washed),Raised Bed Sun-Dried,May 2026,41,60 KG,GrainPro Liner,A1,".2 d/300gr, 15-17 Screen",City to Full City,Farm Gate,,"Syrupy bodied coffee with clean, bright flavors that are sweet from start to finish. Cane sugar and honey sweetness, hints of English Breakfast tea, orange essence, mouth-cleansing acidity. The complete package! City to Full City.","There's honey sweetness in the fragrance, with hints of vanilla cream soda, and aromatic maple sugar. The wet grounds also had a potent array of raw sugar notes that imbued the steam, along with accents of chocolate-covered fruit, loose leaf herbal tea, and dried berry. The hot cup starts off much simpler than the smells might lead on. But give it some time and the profile opens up as it cools. The profile is bright and clean, sweet from start to finish, and syrupy-bodied. City and City+ roasts show elements of raw cane sugar and honey, opening up to hints of English Breakfast tea, and orange essence. The acidity has a brisk quality that's also very tea-like, with pleasant bittering notes of tannic tea, and shaved citrus rind. I found the light roasts to the complete package; so sweet, nuanced and bright. The perfect coffee for pour-over brewing if there ever was one! Full City roasts were quite nice as well. The bittersweetness is more robust, interspersed with a note of star anise that brings some aromatic complexity to the low tones.","Not to be confused with ""Murambi"" in Kiganda, another coffee we've bought in the past (and again this year too!), this lot is from Mutambu Commune near the Monge Nature Reserve in Bujumbura. The coffee washing station is at a lower elevation than the coffee, which grows in the surriounding the steep hillside reaching over 2000 meters above sea level. Murambi is the name of one of the hilltop villages, or ""collines"", and the farmers from Mutambu sell their coffee to the station below. They are one of 4 hilltop villages that the folks who run the wet mill buy from, the others being Rugembe, Masenga and Migoti. This is the first year we've bought coffee from this group, going all in with lots from each colline. The coffee is depulped using a 3-disc depulper, fermented with water and graded in long cement washing channels. Before drying on long, raised drying beds, the wet parchment drip-dries on small screens where any physical defects that can be identified by sight are removed.",,,,,,,
Burundi Mutambu Migoti Hill,https://www.sweetmarias.com/burundi-mutambu-migoti-hill-8657.html,$8.95,,"Migoti Hill, Mutambu",Africa,88.4,1,8.7,8.9,8.7,8.9,8.8,8.5,9,8.5,8.9,8.5,0,0,4,2.5,2.5,2.5,2,3.5,0,0,2.5,4,Wet Process (Washed),Bourbon Types,Bourbon,Yes,Wet Process (Washed),Raised Bed Sun-Dried,May 2026,38,60 KG,GrainPro Liner,A1,".2 d/300gr, 15-17 Screen",City to Full City,Farm Gate,Yes,"Excellent light roast brew, elegant, bright, with prevalent sweetness, and top note highlights of cherry, raw sugar, spice tea, rose hips, and a twist of lemon. Dark roasts are best for espresso. City to Full City. Good for espresso.","Layered sweetness is a pervading characteristic in both light and dark roasts, however we felt that dark roasts were best for espresso, rather than brewed coffee. Light roasts have a sparkle of acidity that shines through the sweetness, perfect for a pour-over brew or iced coffee. Maple sweet smells come on strong in the ground coffee, with hints of light brown sugar, and a hint of sweetened chocolate. The wet aroma is also very sweet and refined, with notes of light brown sugar and malt syrup, accented by hints of cherry and loose leaf tea. The cup is bright and refreshing, with notes of cranberry and a twist of lemon that cuts through base raw sugar sweetness. The coffee expresses elegance as it cools, with delicate body, and top note highlights of rose hips, demerara sugar, spice tea, and zested citrus are revealed as it cools. At Full City, semi-sweet chocolate flavors cool to a slightly fruit/cocoa construct, like dark cocoa powder and raisin. I preferred Full City as espresso, where notes caramelized sugars and dark cacao are distilled down into the syrupy-texture, along with a subtle aromatic hint of anise, and a grabby orange note that pulls at the sides of your tongue.","This coffee is from a station called ""Migoti"", also the name of the hill on which it's built. The Migoti mill was built in the last 10 years, and is made up of relatively new equipment, which in and of itself has advantages. The management has done an excellent job of organizing the workflow from wet mill to drying beds too. With plenty of washing tanks, Migoti is well-equipped to manage lot separations in order to isolate different qualities during the main part of the harvest. They have two sets of tanks and the coffee is fermented in 2 stages. The first stage is dry fermentation, where the coffee is poured into the cement tanks without water. After 12 hours, fermentation is well underway. The coffee is then moved to a second tank where water is added and the process continues for another half-day, after which it is soaked in clean water for 4 to 6 hours. Once the fruit mucilage is completely washed away, the coffee is moved to what are called ""skin drying tables"" where it is hand sorted for defects that are easiest to see while the coffee is still wet. Finally, the coffee is moved to raised beds and dried the rest of the way down to 11% moisture. The coffee in this lot is from the surrounding Migoti farmers, but they are also buying from 3 other hills: Rugembe, Murambi (not to be confused with Murambi station, which we also buy) and Masenga.",,,,,,,
Colombia Edward Sandoval Chiroso,https://www.sweetmarias.com/colombia-edward-sandoval-chiroso-8591.html,$11.15,Colombia,"Santa Isabel, Tolima",South America,88.5,.5,8.7,9,8.8,9,8.5,8.5,9,8.5,9,9,1,3,4.5,0,2.5,2,2,2,0,0,3,3.5,Wet Process (Washed),Heirloom Types,Chiroso,Yes,Wet Process (Washed),Covered Sun-Dried,Jan 2026,12,70 KG,GrainPro Liner,Excelso 15+,".2 d/300gr, 15-17 Screen",City to City+,Farm Gate,,"Light roasts are ideal, highlighting an aromatic profile of fragrant sweetness and bracing, high toned accents. Look for notes of panela, Earl Grey, hibiscus drink, spice tea, dried currant, and citrus. City to City+.","This unique Chiroso cultivar from Edward Sandoval has a fragrant sweetness to it, with fragrant aromatics and high toned complexity. At City roast level, the sweetness of the ground coffee has a very nice sweetness of honey and raw sugars, with accents of dark cola and clove spice, and a hint of tea. The wet aroma has a delicate tea note, chamomile with a hint of spice, mixed with accents of panela raw sugar, and lemon balm. The cup has a potent, aromatic sweetness to it, flavors that touch on the perfumed aspects of raw sugars, like panela and demerara, cooling to bright top accents, and brisk finish. The acidity is impressive for Colombian coffee, with a tea-like characteristic that plays into a flavor note of cinnamon bark tea, and tannic Earl Grey. The profile open up to notes of interesting red fruits, black currant, with tart hints of hibiscus drink, and a spritz of lemon. I'm sure this coffee will shine at any roast level, but light roasts are highly recommended to capture the delicate aroma, characteristics that will flatten out with dark roasting.","We were lucky enough to procure another Chiroso lot this year from Edward Sandoval, in Tolima. The variety ""Chiroso"" is prized for aromatic flavors of fruit, tea, and even florals. Chiroso's coming out was a sort of rediscovery at the Colombia COE in 2012, when a farmer from Urrao won 1st place with it. Initially thought to be regressions of Bourbon and Caturra, a scientific journal article recently presented the findings of new research that linked its origin to Ethiopian landraces. This would certainly explain their flavor profile! here are two types known at this time, what they call locally ""Bourbon"" Chiroso, and ""Caturra"" Chiroso, the former being much taller in stature. The farmer who produced this lot, Edward Sandoval, worked for many years as a field technician for the Federacion Nacional de Cafeteros (""FNC""). When he broke away from the FNC and set out to start his own farm, Finca Canta Ranas, he decided to plant varieties that were not promoted by his previous employer due to their need for a higher degree of management, but that are capable of producing a higher value cup, like Chiroso, Wush Wush, Gesha and Moka (we bought his Moka a few years back). Edward's farm is small, just 3 hectares, and stretches up to about 1850 meters above sea level. See more photos of the farm, here.",,,,,,,
Colombia Honey Aponte Jorge Janamejoy,https://www.sweetmarias.com/colombia-honey-aponte-jorge-janamejoy-8521.html,,Colombia,"Vereda El Páramo, Aponte, Tablón de Gomez, Nariño",South America,87.8,1,8.5,8.7,8.5,8.8,9.3,8.5,8.7,8.3,9,8.5,0,2,4,0,3,0,3,4,0,2.5,2,4.5,Honey Process,"Caturra Types, Modern Hybrids","Caturra , Castillo, Colombia.",Yes,Honey Process,Covered Sun-Dried,Nov 2025,10,70 KG,GrainPro Liner,Excelso 15+,".6 d/300gr, 15-17 Screen",City to Full City,Farm Gate,,"Heavy body carries flavors of raw sugar and dried fruited sweetness, with notes of molasses, panela, tangy dried apricot, golden date, and raisin bread with cinnamon. City to Full City.","One of our final honey process lots from Aponte is from Jorge Janamejoy, who's coffee rides that line between unrefined sugars and dried fruits, like many of the delicious coffees from this unique coffee community. The fragrance showed complex sweetness of date sugar, molasses, toffee, and a nutty hint of butter pecan. The wet aroma showed a bit more fruit than the dry grounds, pulpy dark fruit with a winey accent, along with rustic sugars, and a green tea accent. My light City roast brought out complex sweetness of raw sugar natural dried fruits. The cup had panela sugar and molasses notes when hot that shifted to hints of tangy dried apricot, golden date, and raisin bread with cinnamon. It cools to a slight fermented aroma, like winey cider. Full City roasts are big-bodied, and produce more intense chocolate bittering. It had this tasty chocolate/dried peach flavor that finished with darker cocoa bittering in the long finish.","This microlot honey coffee come from Jorge Janamejoy in the indigenous community of Aponte, in Tablón de Gomez, Nariño Department. His farm, Páramo Alto, is located near the town center, and is planted in Caturra, Variedad Colombia and Castillo. Colombia is a country where small farms less than 10 hectares make up more than 95% of the coffee exported, and Aponte is no exception. Jorge's farm is just 2 hectares, and is planted at 2100 meters above sea level. An interesting aspect about coffee from this region is that honey processing is the standard. Each producer handles their own processing at home too, which can mean quite a bit of flavor variation from one neighbor to the next. Jorge lets his coffee cherry rest for a few days before pulping to allow fermentation to start within the fruit. He then removes the outer cherry and allows the the wet seeds to ferment for 1 day in a tank without water before moving to the drying beds. Honey process coffees produce a lot more chaff that wet process during roasting, which is something to keep an eye on. If your roaster doesn't have a chaff collector, or the recepticle is small (like Fresh Roast), you should definitely vacuum between roasts.",,,,,,,
Colombia Nariño Alto Naranjal,https://www.sweetmarias.com/colombia-narino-alto-naranjal-8597.html,$9.35,Colombia,"Alto Naranjal, Buesaco, Nariño",South America,86.8,1,8.5,8.6,8.5,8.5,8.3,8.5,8.7,8.5,8.7,9,0,0,3,4,1.5,1.5,1,3.5,2,0,0,3,Wet Process (Washed),"Caturra Types, Bourbon Types, Typica Types, Modern Hybrids","Caturra, Variedad Colombia, Typica",Yes,Wet Process (Washed),Covered Sun-Dried,January 2026 Arrival,27,70 KG,GrainPro Liner,Excelso 15+,".4 d/300gr, 15-17 Screen",City+ to Full City+,Farm Gate,,"Underlying caramel sweetness clings to finishing flavors of almond, and cocoa, with tart citrus acidity, and well balanced top notes of praline, panela sugar, and dried fruit. City+ to Full City+.","The dry fragrance has a toffee brittle smell to it, with mild caramel accents, and hint of raisin. The sweetness in the wet aroma has nice complexity, like barley malt, showing unrefined, grain-like sweetness that builds in the steam. City+ roasting teases out an underlying caramel note in the cup that clings to finishing flavors of almond, and cocoa. A light citrus note highlighted a tart acidic impression that structures the bittersweetness underneath. As the coffee cools, top notes of praline nut, panela sugar, and dried fruit come into play and are well balanced to the base sweetness. Full City roasts draw out more of this coffee's bittersweet side that hints at dark chocolate, and caramel glazed almond. It's a profile that pairs well with milk. However, the lighter body means it's not ideal for espresso.","This is a blend made up from the coffees from three small producers in Vereda Alto Naranjal just outside Buesaco town, in Colombia's Nariño Department. We put this blend together after cupping a high volume of samples at the coffee alliance they belong to in Buesaco town, the goal being to separate out any coffees that score 86 points and above, and pay the farmer a high premium for the chance to separate their coffee. The local coffee association was started by two brothers who a few years back stepped out on their own to offer a more direct and transparent option than some of the local competitors. Since we started buying from them, the number of farmers delivering coffee has growing, and we've tasted some truly impressive coffees when cupping at their warehouse on our last visit. Farms are typically planted in Caturra and Variedad Colombia (F4 and F6 types), grown at altitudes between 1700 and 2000 meters, and each contributing lot in this batch are fully washed.",,,,,,,
Colombia Pitalito Franky Peña,https://www.sweetmarias.com/colombia-pitalito-franky-pena-8587.html,$9.35,Colombia,"La Esmeralda, Pitalito, Huila",South America,87.8,1,8.6,8.8,8.7,8.7,8.5,8.5,8.8,8.5,8.7,9,0,0,4,2,2,2,0,3,0,0,0,3.5,Wet Process (Washed),Caturra Types,Caturra,Yes,Wet Process (Washed),Covered Sun-Dried,January 2026 Arrival,18,70 KG,GrainPro Liner,Excelso 15+,".4 d/300gr, 15-17 Screen",City to Full City+,Farm Gate,,"Brews clean, bright cup flavors, with fragrant sweetness that shows aspects of unrefined sugars and fruit. Notes of sucanat, bracing citrus accents, and balanced, bittersweet finish. City to Full City+.","Franky Peña's coffee brews clean, bright flavors, with fragrant sweetness that shows aspects of unrefined sugars and fruit. Grinding a City roast released a potent sweet scent of unrefined sugars, graham cracker, and a hint of dried pineapple. A scent of dark sugar seems almost woven into the steam from the hot cup, where aromatics take shape as dark brown sugar, caramel, and toffee. City roasts offer glimpses of demerara and sucanat sugar in the cup sweetness, with bracing citrus notes that hint at pomelo and dried orange slices. The core bittersweet tone is well balanced, a sweet finish caps things off nicely. Full City level draws out a bit more roast tone, but still carry a briskness in acidity that gives the mouthfeel a lively dimension.","Franky Peña's farm ""Buena Vista"" is located on La Esmeralda village, Pitalito. It's part of an area known as ""El Bombo"", an Andean region where coffee communities have sprung up, benefiting from the cool climate and high altitude zones. Franky is a member of the El Bombo coffee cooperative in Pitalito, who we purchased several lots from last July, including this one. Buena Vista sits at 1700 meters above sea level, and the modest 1.5 hectare area is planted solely in Caturra variety. This small plot of land has been in the Peña family for several generations, with Franky continuing the legacy along with his family. This is a wet process coffee, meaning the fruit is removed from the seed, and fermented before drying in order to remove the sticky layer of fruit mucilage. Wet process coffees are known for more refined flavors, and often well articulated acidity, which is what we found with this coffee.",,,,,,,
Costa Rica Tarrazu Cafetales de Dota,https://www.sweetmarias.com/costa-rica-tarrazu-cafetales-de-dota-8680.html,$8.45,Costa Rica,"Dota, Tarrazu",Central America,86,3,8.2,8.5,8,8.2,9,8.3,8.2,8.3,7.8,8.5,0,0,2.5,3,0,0,0,5,3,1.5,0,4,Wet Process (Washed),"Caturra Types, Modern Hybrids","Caturra, Catuaí",No,Mechanically Washed,Patio Sun-Dried,Jun 2026,30,69 KG,GrainPro Liner,SHB,".7 d/300gr, 15-17 screen",City+ to French,,Yes,"Roast-toned flavors of chocolate and toasted nut are the stars of the show, with creamy body, and mild acidity. The kind of balanced bittersweetness that's sure to please the crowd. City+ to French. Good for espresso.","Cafetales de Dota makes a very nice everyday coffee, and has the kind of balanced bittersweet base flavor that's sure to please the crowd. It's a lower acid cup that trades sharpness for rounded mouthfeel, and roast-toned flavors of chocolate and toasted nut are the stars of the show. The smells showed bittersweet and malty notes, with a muted hint of brûléed suger. The City+/Full City roasts showed a range of cocoa cup flavors, semi sweet chocolate in the lighter roasts, dark cocoa powder in medium, to brooding baking chocolate at FC+ (likely into French for those desiring a really dark roast). As the coffee cools off some, I picked up on a soft hints of caramel, pistachio, almond, and chocolate biscuit. At darker roast levels, especially FC or FC+, the cup has a really nice low tones, and big body with a silky texture. Full City to Full City+ consistently make a nice chocolate-based espresso shot, and would function well for a body/bittersweet blend component too.","Dota is a small subregion adjacent to the Tarrazu valley proper, more remote than the areas where most of the coffee in Costa Rica is planted. Great Dota coffees are fairly small sized seeds, with compact density due to the high altitudes they are cultivated at. Some roasters used to believe that the unique Dota cup character was the result of extra fermentation times at the mill during the wet-processing of the coffee. But in fact it is processed the same way that other Tarrazu coffees are, mechanically washed with demucilagers. If there is difference, it may have more to do with the unique soils that are found in the Dota micro-region of Tarrazu, and the tradition of harvesting the coffee cherry very ripe. This Dota micro mill buys and process coffee from small-holders in the surrounding hillside communities, altitude ranging from as low as 1200 meters to as high as 1900 meters above sea level. The coffee is depulped using a mechanical demucilager, which is typical in Costa Rica. While this process uses very little water and forgoes tank fermentation, they do soak the coffee after removing the skin and most of the fruit which helps to clean up the green coffee seed before sending to the drying patios.",,,,,,,
Espresso Workshop #51 - Silvertone,https://www.sweetmarias.com/espresso-workshop-51-silvertone-8611.html,$9.25,,"East Africa, South America",Sweet Maria's Blends,88.7,.5,8.5,8.7,8.8,9.2,9.5,8.5,8.7,8.5,9.3,8.5,0,0,4,3,3.5,2.5,3,5,2.5,1,2.5,4.5,Various Process Methods,"Bourbon Types, Heirloom Types, Modern Hybrids","Bourbon, Catuaí, Heirloom Varieties",Yes,"Dry Process (Natural), Wet Process (Washed)",Patio and Raised Bed Sun-Dried,,,,GrainPro Liner,Top Grades,".4 d/300gr, 14+ Screen",City+ to Full City+,Farm Gate,Yes,"Like the amplifier for which this was named, our ""Silvertone"" blend is a celebration of big boomy tones and a deep bottom end, with treble-y fruit and spice notes, and reverberating finish. Full City to Full City+. Fantastic espresso.","I found my favorite espresso shots at Full City, where the complex flavors that each origin brings to the blend came through without tasting like they're competing with one another. There's a deep bottom end that anchors the cup, creamy and chocolaty, accented by flashes of red fruits and berries, and a hint of spice in the nose. I pulled both long and short shots, the latter appealing to my personal preference of peak intensity, and big round body (18g in / 20g out). The flavor base is richly bittersweet, crisp dark roast flavors that come off like extra dark chocolate, heightened by syrupy mouthfeel, and a touch of carbonized sweetness up front that reverberates in a long, brooding aftertaste. Notes of fruit reductions and berry syrup fold in nicely, along with hints of dried tamarind and date, and a bright citrus peel bite that comes off a little like dark chocolate orange in context of the rest. The aroma is quite complex, savory hints of toasted barley and nut marked the front of the cup, moving to notes of warming spice, frankincense, and saffron in the finish. I enjoyed Full City as brewed coffee as well. The thick body, and profiles of chocolate-covered nuts and dried fruits would work wonders as a cold brew too.","Like the amplifier for which this was named, our ""Silvertone"" blend is a celebration of big boomy tones and a deep bottom end, with treble-y fruit and spice notes that reverberate in the finish. The Silvertone company made guitars and amplifiers for a few decades, and it's the 1960's models that I'm most familiar with. These were affordable instruments that had every bit of bite as some of the more expensive models they shared a shelf with, so it makes sense that they powered a countless number of small US ""garage"" bands from the 1960's that we love! It was blended with espresso in mind, but has proven to be a great dual-use option too. We're not going to share too many specifics on the ingredients, but it's based around chocolaty dry process Brazilian coffee, and brighter, fruited African lots. Together, they culminate in unique profiles that shift with different roast levels. It can be taken to darker levels too, but I don't think I go beyond Full City+, or around 10-20 seconds into 2nd Crack. There's a small amount of Brazilian coffee that you run the risk of scorching.",,,,,,,
Ethiopia Guji Godina SWP Decaf,https://www.sweetmarias.com/ethiopia-guji-godina-swp-decaf-8612.html,$10.40,Ethiopia,Guji Zone,Africa,88.4,1,8.5,8.8,8.6,8.7,8.2,8.5,8.7,8.5,8.9,10,0,2,3,0,2,0,2,2.5,0,0,1,3,Swiss Water Decaf,Heirloom Types,Heirloom Cultivars,Yes,"Dry Process (Natural) & Wet Process (Washed), then Swiss Water Process Decaf",Raised Bed Sun-Dried,April 2026 Arrival,88,60 KG,GrainPro Liner,Grade 1,"2 d/300gr, 14+ Screen - expect some broken beans from decaffeination",City to Full City,"Farm Gate, Decaf",,"Delicious brewed coffee, cleanly fruited, and can be roasted light without tasting 'decafy' at all. Notes of Turkish apricot, apple, fruit tea, mandarin orange, with caramelized sugar accents. City to Full City.","We sent a blend of our great natural and washed Guji coffees to Swiss Water for decaffeination, and the results came back great! Right from the grinder, the coffee grounds give a good indication of what to expect, with fruited sweetness of stone fruit and red apple, spice notes and caramelized sugar. The wet aroma brought out aspects of baked goods, like apple spice cake, peach Danish pastry, along with hints of marzipan and complex spices in the steam. What a delicious brewed this makes, cleanly fruited, and can be roasted light without tasting 'decafy' at all. In fact, bittering is kept to a minimum in the City/City+ levels leaving room for delicate baking spice aromatics, and deliciously bright fruit hints, like Turkish apricot, apple, fruit tea infusion, and light berry tones. The acidity has fruit character akin to mandarin orange, a pleasant surprise for decaffeinated coffee. We did not roast any darker, but I wouldn't hesitate to get into Full City territory. There were some very pleasant caramelized bittersweet accents in our City+ roast that should develop to something a little more intense at darker levels, while still retaining some of the fruited character.","We sent a blend of our great natural and washed Guji coffees to Swiss Water for decaffeination, and the results came back great! Godina Guji is our latest custom Ethiopian decaf blend that we had processed by Swiss Water Decaf in Vancouver, Canada. What makes it, ""custom"", you might ask? Many of our decafs are pulled from our personal stocks of non-decaf coffees, giving us a unique level of quality control. This means we get to select coffees with flavors we've found will push through the decaffeination process, an ability we've gotten better at over the decade+ we've been working with Swiss. 2/3 of this blend is made up of fruit-forward, dry process coffees, a key ingredient of most of our Ethiopian decafs, and a big part of why they come back tasting so nice. In this case, Guji Godina has convincing origin flavors, fruity, aromatic, and recognizably ""Ethiopian"". Most of it is from three stations where we've sourced excellent coffees through the years, and that should sound familiar to some, Dogo Sodu, Goro Bedessa, and Gogogu. Swiss Water Decaf decaf use their patented chemical-free, water-decaffeination process to remove 99.9% of the coffee's caffeine content. The technique is gentle on the coffee's organic structure, leaving much of the aromatic compounds that affect flavor and aroma intact. Read more about the Swiss Water technique here.",,,,,,,
Ethiopia Uraga Haro,https://www.sweetmarias.com/ethiopia-uraga-haro-8533.html,$9.50,Ethiopia,"Haro Wachu, Uraga",Africa,89.7,1.5,8.7,9.2,9,8.8,8.5,8.6,9,8.2,9.2,9,2.5,3,4,0,2.5,2.5,0,3.5,0,2,3.5,3.5,Wet Process (Washed),Heirloom Types,Heirloom Cultivars,Yes,Wet Process (Washed),Raised Bed Sun-Dried,October 2025 Arrival,115,60 KG,GrainPro Liner,Grade 1,".2 d/300gr, 14-17 Screen",City to Full City,Farm Gate,Yes,"Impressive sweetness and fragrant aroma, rue, lemon basil, aromatic wood, and amber resin. Dark roasts were a surprise hit, bittersweet, jammy flavors, with whole spice. City to Full City. Good for espresso.","This washed lot shows impressive sweetness across a range of roasts, lightly accented by fragrant aromatic highlights, and juicy hints that structure the flavors. The grinds of my City roast had hints of honey, brown sugar, and sweet tea, while Full City developed more of a semi-sweet chocolate tone, accented by dried raisin and date. The aroma brought out a clean scent of warm honey and brown sugar cookies, with a hint of orange spice tea. The cup has a fragrant overlay in light roasts, drawn out by bright lemon-like acidity, and very nice underlying sweetness. City roasts are lively and aromatic, with aspects of fresh herbs like rue, and lemon basil, and light floral hint. This is a late 2025 arrival, and while I do pick up on some woody traces in the finish, it comes off like aromatic incense, and Amber resin. The top notes are muted at Full City, but I really enjoyed the cup nonetheless. It brings a rich chocolate flavor to the brew, with substantial body, cooling to hints of blackberry jam, and whole cinnamon sticks.","This wet process lot is from a privately run site in Haro Wachu, right in the heart of Uraga. The farms in this area reach very high altitudes, over 2200 meters above sea level in some parts. It was processed at the same mill where we sourced our small honey process lot, Haro Wachu. In comparison, this wet process lot is more refined, and aromatic, with fragrant highlights that pointed to florals and fresh herbs. It was also one of a few washed Ethiopia's that we really enjoyed roasted dark, where flavors shift to bittersweet profiles accented by sticky fruit notes. The owner of Haro station operates several wet mills around Uraga, in areas like Yabitu Tome, Kercha, Tabe Berka, and of course Haro Wachu. Like most Ethiopian coffee mills, they buy whole cherry from small farmers in the surrounding region. These are very small farms where coffee is one of a few subsistance crops cultivated by locals, and most are less than 1 hectare in size. It takes hundreds of these small farms to blend together exportable volumes of coffee.",,,,,,,
Flores Dry Process Manggarai Colol Robusta,https://www.sweetmarias.com/flores-dry-process-manggarai-colol-robusta-8569.html,$7.75,Indonesia (Flores),"Colol Village, East Manggarai",Indonesia & SE Asia,86.4,7.5,7.2,7.4,6.5,7.5,10,7.5,7.3,7,10,8.5,0,0,1.5,1,1,0,0,5,2,5,4,5,Dry Process (Natural),Robusta,Robusta,Yes,Dry Process (Natural),Patio and Raised Bed Sun-Dried,December 2025 Arrival,40,60 KG,GrainPro Liner,,"1+ d/300gr, 14 screen - see photo",Full City to French,Farm Gate,Yes,"Nice Robusta example, but still aggressive and intensely bitter. Unsweetened baking chocolate, toasted grain, pungent whole spice, muted sweetness, low acidity, very thick body. Full City to French. Good for milk drinks.","There's nothing quite like Robusta coffee, an important detail to clarify from the drop. If you've tried it before and are back for more, you can skip this part, but all others take note! What typical Robusta coffee lacks in sweetness, it makes up for in intense bittering flavors and body. It is low in acidity, and high in caffeine content, making it a popular choice for dark roasted commercial blends. This is not ""typical"" Robusta, however. It was grown at high altitude, processed with quality in mind, and it shows. It is still incredibly intense, bittering at its core, but the mild top notes and subtle sweetness that make it so drinkable are a testament to the quality-focused efforts of this group. The fragrance and aroma at Full City/Full City+ had a scent of unsweetened cocoa (like Baker's brand), laced with savory toasted grain, and a very slight hint of fruit. I picked up on very subtle sweetness too, and accents of whole spices. The cup came off quite similar, very bitter chocolate, brothy sweetness, cooked barley, coriander, star anise, and lingering finish. Full City+ roasts had a pungent clove note that paired well with the punchy roast bittering. Single origin shots are too intense for my taste, but I think some will enjoy it under a pillow of milk. Body is seriously as thick as it gets for coffee - think heavy whipping cream - and flavors are roasted cacao nibs, leather, mesquite, and a hint of clove in the aftertaste. It would make a really nice blend base.","If you've never tasted it before, Robusta can be quite a shock. I's a distinct species of coffee altogether (""Coffea Canephora"") unrelated to Arabica, known for robust physical characteristics, high productivity, and resilience to disease and fungus. In terms of the cup, Robusta is characterized by intense bittering flavors, thick body, and low acidity. This, in conjunction with a high caffeine content, are what makes it such an attractive option for dark roasted commercial blends. There's been a push in recent years to produce ""Specialty Robusta"", both as a way of adding value to an historically undervalued crop, and also as an alternative revenue source in areas where Arabica is harder to produce. This lot comes from a quality focused effort in Flores, where a small network of Robusta collectors work with neighboring farms in Colol Village to improve harvest and post harvest practices in service of the cup. This lot was the top scoring Robusta from the harvest, and we found it to have a lot more going on than just bittering intensity, like subtle sweet notes, and whole spices. It's still very intense, and nothing like any other coffee on our list. But it's an interesting example of the direction some Robusta growers are taking, showing that by treating their Robusta crops with the care and attention they would Arabica, it makes a positive impact on the cup.",,,,,,,
Green Coffee Subscription,https://www.sweetmarias.com/green-coffee-subscription.html,$33.50,,,Sample Sets,,,,,,,,,,,,,,,,,,,,,,,,,,,,Yes,,,,,,,,,,Sample Sets,,"Stay in the green with our Green Coffee Subscription! Auto-shipped, pre-selected coffees from some of the best coffee-growing regions we offer. You can choose the frequency of shipments, and select either 4 pounds or 8 pounds per delivery. If you want to change the frequency, or cancel, it's easy to do at any time!","With our Green Coffee Subscription, you'll never have to worry about running out of fresh beans. We'll choose the coffees and arrange shipping according to a schedule that works for you. That leaves you with the fun part: roasting and brewing! It's an economical and convenient way to try coffees from around the world and explore different flavors. For more information regarding how Sweet Maria's subscriptions work, click through to the Farm Notes tab.","By purchasing a subscription, you agree to be billed in accordance with the frequency you selected. Each time you are billed, a new order will be generated. Active subscriptions can be managed any time via your account settings (My Account > My Subscriptions).",,,,,,,
Guatemala Huehuetenango Unión Cantinil,https://www.sweetmarias.com/guatemala-huehuetenango-union-cantinil-8626.html,$8.35,Guatemala,"Unión Cantinil, Huehuetenango",Central America,86.5,2,8.3,8.5,8.2,8.4,8.7,8.4,8.5,8.5,8,9,0,0,3,2,0,0,0,3.5,2,0,0,3.5,Wet Process (Washed),"Caturra Types, Bourbon Types, Modern Hybrids","Bourbon, Caturra, Catuaí, Pache",No,Wet Process (Washed),Patio Sun-Dried,May 2026,64,69 KG,GrainPro Liner,SHB EP,".4 d/300gr, 16-18 Screen",City+ to Full City+,,Yes,"Crowd-pleasing flavors across a wide roast spectrum, bittersweet and balanced, notes of sweet baked goods, chocolate crinkle cookie, caramel-almond, dark-toned cocoa, walnut, a glint of acidity. City+ to Full City+. Good for espresso.","This Huehuetenango lot offers consistent, well-balanced flavors, and works great from medium to dark roast levels. I sensed caramel and cocoa in the dry fragrance, with light nutty hints in the background, and hazelnut chocolate in the wet aroma. This coffee brews crowd-pleasing flavors across a fairly wide roast spectrum, bittersweet balance, with a glint of acidity that structures mild top note hints. City+ roasts brought out accents of toasted nut from beneath compact flavor profile of sweet baked goods, like chocolate crinkle cookie, and caramel-almond bars. Full City roasts swells with a deep-toned flavors of dark chocolate, cocoa bittering in the back end, and a note of walnut if the aftertaste. I think you're going to find a versatile espresso here too. On it's own, Unión Cantinil has layers of dense chocolate/cocoa flavors, and should bring body and bittersweetness to an espresso blend.","The municipality of Unión Cantinil lies to the East of La Libertad, in the mountainous region of Huehuetenango. The hilly peaks of the Sierra De Los Cuchumatanes offer high altitude zones for farming coffee, up to 1600 meters above sea level in this particular area. This is a blended lot made up of several different small lots of coffee. The farmers on average are around 1 hectare in size, and most are growing some combination of Caturra, Catuaí, Bourbon and Pache coffee cultivars. Each farmer is responsible for processing their own coffee, which is generally processed using small depulpers to remove the outer cherry and fruit, then fermented in tanks with water to remove the mucilage, and dried on cement patios over the course of 1 to 2 weeks.",,,,,,,
Honduras FTO Marcala WP Decaf,https://www.sweetmarias.com/honduras-fto-marcala-wp-decaf-8615.html,$9.45,Honduras,"Marcala, La Paz",Central America,87.2,1.5,8.3,8.4,8.7,8.5,8,8.3,8.5,8.5,8.5,10,0,0,2.5,2.5,1,0,0,2.5,2,0,0,3,Water Process Decaf,"Caturra Types, Bourbon Types, Typica Types, Modern Hybrids","Bourbon, Catuai, Caturra, Lempira, Ihcafe 90, Pacas, and Typica",No,Water Process Decaf,,April 2026 Arrival,40,60 KG,Jute Bag,Water Process Decaf,"1+ d/300gr, 15-17 Screen  - some broken and misshaped beans due to decaffeination",City to Full City,"Organic/Fair Trade Cert., Decaf",,"This Honduras lot flies under the radar as being decaf coffee, especially in light roasts where clean sweetness and sparkling acidity really shine! Notes of raw sugar, tangerine, Meyer lemon, and crisp, light body. City to Full City.","This Honduras lot flies under the radar as being decaf coffee, especially in light roasts where clean sweetness and sparkling acidity really shine! The dry fragrance shows simple sweet smells, which open up a bit when you add hot water to the grounds. The steam showed elements of molasses and maltose sweetener, along with hints of toasted grains and nuts. The brew shows clean, sweet flavors, accented by notes of raw sugars and crisp fruit, and a pleasant bittersweet aftertaste. It has modest acidity when kept to a lighter roast level, fruited in a way, like peach or apricot. Body is on the light side, and suits the light, crisp flavors. It's sure to please the light roast crowd, but also offers a and an easy decaf to drink more than 1 cup!","This Honduras lot is from the Organic certified COMSA cooperative (Café Organico Marcala, S.A.), located in a southwestern municipality of Marcala, La Paz. The cooperative currently has around 1200 members in areas surrounding Marcala, with farms scattered across an altitude range of 1,300 to 1,700 meters above sea level. It's been a while since we had a Honduras coffee as a decaf, but this was one we couldn't pass up. It has the bright characteristics and balanced flavors that high grown Central American coffees are known for, and the cup clarity struck as as remarkably ""un-decaf"" in flavor. It was processed with a decaffeination method that utilizes steam to remove nearly 100% of the caffeine from coffee. The plant in Mexico where this coffee was processed has a reputation for producing a decafs that closely resemble the original non-decaf lots, which this coffee can attest to!",,,,,,,
India Chikmagalur Gemberly Robusta,https://www.sweetmarias.com/india-chikmagalur-gemberly-robusta-8616.html,$7.15,,"Chikmagalur, Karnataka",Arabia,86.2,5,8,8.2,7.8,8.3,9,8.1,7.5,8,8.3,8,0,0,2,0,0,0,0,3,0,3,3,5,Wet Process (Washed),Robusta,Robusta,No,Wet Process (Washed),Patio Sun-Dried,Apr 2026,25,60 KG,GrainPro Liner,,".8 d/300gr, 14-15  screen",Full City to French,,Yes,"Robusta is interesting to taste, but quite different than Arabica. Low sweetness and thick body draw out aggressive roast flavors, with rustic notes of bittering spice, black pepper, kola nut, and tobacco. Full City to French. Good for espresso blending.","It's a Robusta, so don't expect overwhelming (or even underwhelming!) sweetness. But this lot has some cleanliness and definition lacking in many of the Robusta samples we've tasted, and was a surprisingly pleasant coffee to drink! The dry grounds and wet aroma smell pungently spiced, with bitter tea tannins, cocoa, and a dark root-like cola aspect. As brewed coffee, it echoes many of the aforementioned attributes, and offers the incredibly thick body and low acidity Robusta coffee is known for. Dark, pungent roast flavors dominated the cup, accented by complex rustic notes of black pepper, bittering spice, and kola nut. The aftertaste is extremely long and persistent, turning pungent in the finish as would bittering dark roasted coffee, with hints of tannic black tea, and tobacco. Robusta as a blend component ought to be used sparingly, and not take away from the arabicas with which it's blended. Usually I would keep it to around 15% in an espresso blend, but because of the quality of this robusta, I think 25% is a safe start without overpowering the cup.","This Robusta coffee is from Gemberly Estate in the city of Chickmagalur, at the foothills of Mullayanagiri range, probably the most famous coffee region in India. We don't know a whole lot about the farm, other than it ranges in altitude from 1,100 to 1,400 meters above sea leavel.  It was offered to us from a regular supplier who knows we always have an eye open for Robusta that's actually drinkable! I know that doesn't sound like a high bar, but let's face it, the bittering flavor of Robusta is typically far too intense to drink without blending. But this lot has actual sweetness, and offers interesting savory/earthy aromatics that pepper the cup. It's still very intense, and best suited for someone who's tried Robusta before, or is curious what makes Robusta so unique. It's certainly interesting coffee to try on its own, and an opportunity to use an actual high quality Robusta by itself, or play around with using in a blend (start with 25% and adjust from there).",,,,,,,
India Pearl Mountain Estate Peaberry,https://www.sweetmarias.com/india-pearl-mountain-estate-peaberry-8622.html,$8.25,,"Bababudangiri, Karnataka, Western Ghats",Asia,86.8,1,8.5,8.6,8.3,8.8,8.8,8.5,8.5,8.4,8.4,9,0,0,3.5,3.5,0,0,0,3.5,2.5,2,4,4,Wet Process (Washed),"Bourbon Types, Modern Hybrids","Kent, S-795",No,Wet Process (Washed),Patio Sun-Dried,April 2025 Arrival,50,60 KG,GrainPro Liner,Peaberry,".2 d/300gr, Peaberry 15 Screen",City+ to Full City+,,Yes,"Roast tone has a nice intensity to it, an interplay of cocoa accented by hints of sorghum syrup, caramel, malted grains, with notes of milk chocolate and burnt sugar in the aftertaste. City+ to Full City+. Good for espresso.","City+ roasts have an underlying sweetness of caramelized sugars in the fragrance, accented by praline pecan, and baking spice mix. A sweet underlay of caramel saturated the steam coming off the wet grounds, along with notes of Chai spice, and roasted nut. I found the roast tone to have a nice intensity to it, while leaving plenty of headroom for top note hints to come through. There's a delicious interplay of cocoa accented by hints of sorghum syrup, caramel, malted grains, with notes of milk chocolate and burnt sugar in the aftertaste. The pleasant roast flavors pair well with body, and dense mouthfeel, especially in the darker roasts. Full City/FC+ roasts manage to pull out darker sweetness in the cup profile, but it's the deep, brooding cocoa flavors that you're left pondering. These are the kind of cup characteristics that have ""espresso"" written all of them!","Wet process India Arabica coffees are pleasantly mild coffees when they are correctly picked and processed. But much of the coffee is grown at relatively low altitudes and poorly processed and prepared. There is a lot of regular commercial grade India Arabica. Even when well done, the coffees can be ""softish"" physically and in flavor. Soft coffees from low altitudes are more difficult to roast (especially in small home roasters I believe). The result can be ashy flavors, and greater risk of scorching or tipping the coffee. That's why I have been very impressed with this new crop arrival of Pearl Mountain Peaberry. This coffee plantation was planted in 1920 by Shivappaiya Patre, who cultivated the estate and called it Ratnagiri which when translated to English means Pearl Mountain. This estate has now been passed on to the 3rd generation of Estate owners, Rohith and Ashok Patre. The coffee is planted between 1200 and 1500 meters in a zone of the Western Ghat mountains that gets consistently heavy rainfall. The coffee on the farm is interplanted with pepper vines (which are grown on the canopy of large shade trees) and cardamom groves. The Patre family is extremely quality conscious. The coffee is grown under shade trees midst pepper vines and cardamom groves. The carefully picked cherries are sorted prior to pulping, fermented between 42 and 72 hours and hand-washed in water from clear mountain streams. The mild vibrance and clean cup taste really sets this Indian Arabica coffee apart from the mirky, unclean flavors we find often in India wet-process coffees, which are generally more commercial-level coffees.",,,,,,,
Java Anaerobic Honey Gambung,https://www.sweetmarias.com/java-anaerobic-honey-gambung-8561.html,$8.95,Indonesia (Java),"Gambung Pangkalan, West Java",Indonesia & SE Asia,87,1.5,8.5,8.6,8.5,8.4,9.3,8.3,8.4,8.5,8.5,8.5,0,2.5,4,3,1,1,0,4,0,2,0,4.5,Honey Process,Modern Hybrids,"Ateng, Typica",Yes,"Anaerobic Fermentation, then Honey Process","Raised Bed Sun-Dried, and Patio Sun-Dried",Dec 2025,30,60 KG,GrainPro Liner,Grade 1,".7 d/300gr, 14+ Screen - wide range of bean sizes and peaberries mixed in",City+ to Full City+,Farm Gate,Yes,"A tamer anaerobic that strikes a nice balance between bittersweetness, body and acidity, with notes of natural sweeteners, dark cocoa, and herbal tea. City+ to Full City+. Good for espresso.","For Anaerobic coffee, this lot is on the tamer side in terms of fruit flavors in the cup, and a good reminder that there's quite a bit of variation under the process headings we use (""wet process"", ""dry process"", ""anaerobic"", etc). The grounds smelled of complex dark sugars like molasses, date sugar, and toffee. The wet aroma also showed potent and sweet, dark caramel, brown sugar, unrefined piloncillo sugar, and crisp, caramelized accents. City+ roasts struck a nice balance between bittersweetness, body and acidity. The flavors showed elements of natural sweeteners, like corn syrup, barley malt, honey, and blackstrap molasses. It's far from a ""bright"" coffee, but has some herbal tea-like notes that give the cup a structured feel. As the coffee cools, bittersweet flavors of cocoa and dark chocolate bar come into play, and the finish is marked by accents of Sencha, and toasted barley. Overall, it's a very nice crowd-pleasing profile, and to me, shared many qualities with honey process Central American coffees. We didn't try a dark roast, but the bittersweet/body we experienced at City+ will work great at dark levels.","This coffee was processed at a mill in Gambung, who currently work with small farmers in villages near Ciwidey and Pangelengan on the Gunung Tilu pass. Most of the coffee grown is Ateng, a common disease-resistant hybrid, and planted between 1400 and 1700 meters above sea level. The mill provides technical and financial support to local farmers, as well as have seedling and compost programs. This is a newer site built during the harvest season last year. Their wet mill wasn't operational until the end of the season, so they opted to do two anaerobic lots during the peak of the harvest. This is a hybrid process of sorts called ""Anaerobic Honey Process"". The anaerobic part of the process involves fermenting the coffee cherries in sealed barrels with one-way valves for 5 days (120 hours). The drying time takes about 3 weeks, starting off on raised beds for the first few days, and finishing on cement patios. For anaerobic coffee, we found this lot to be more bittersweet forward than fruited, with thick, creamy body. The seeds are uneven in color, with some beans presenting yellowish, others a darker brownish hue. It also results in a lot more chaff when roasting, so be sure to vacuum your machine between batches on a Behmor!",,,,,,,
Java Sunda Wet Hulled Rancabali,https://www.sweetmarias.com/java-wet-hulled-sunda-rancabali-8560.html,$8.35,Indonesia (Java),"Indragiri, Rancabali",Indonesia & SE Asia,86.7,2,8.2,8.5,7.9,8.6,9.5,8,8.7,8,9.3,8,0,2,3.5,0,1,0,0,5,0,4,2.5,4.5,Wet Hulled (Giling Basah),Modern Hybrids,"Ateng, Typica",Yes,Wet Hulled (Giling Basah),Patio Sun-Dried,December 2025 Arrival,20,60 KG,GrainPro Liner,Grade 1,"1+ d/300gr, 15-18 screen - expect some broca damage, split beans, quakers...typical of wet hulled coffee",City+ to French,Farm Gate,Yes,"Rancabali has just what we look for in quality wet hulled coffee, like syrupy body, deep-toned bass notes, rustic sweetness, herbaceous aroma, and a long lasting finish. City+ to French. Good for espresso.","While most of our wet hulled coffee comes from Sumatra, we also look to neighboring island of Java for excellent examples of this rustic process method. Rancabali expresses so much of what we love in a quality wet hulled coffee. Deep-toned bass notes carry the cup, with herbaceous aromatics, and rustic sweetness that doesn't come off old, or woody. The middle roasts had a layer of cacao-like bittering and a sweetness of black strap molasses in the smells that helped keep some of the interesting outliers like amber oil, and green herbal notes grounded. In the brewed coffee, sweetness pointed to brown rice syrup and palm sugar, with contrasting green herbal notes like dried tarragon, marjoram, and pine resin. Syrupy-textured body pulled out foresty flavors, a hint of cooked pear, with a bittering backdrop that lead to a long lasting finish of cacao nibs and baking chocolate. It made excellent espresso, and presents a great wet-hulled component for blending, particularly as one part of a Moka Java blend. I had success blending 1-2 parts Rancabali with 2 parts Ethiopian Dry Process Bensa Kokose. Ristretto shots (18g in, 25g out) culminated in thick, syrupy shots packed with opaque, bass toned cocoa, dried red berries, and a bit of perilla leaf and whole spice in the aroma.","This lot of Rancabali is from a coffee collector named Pak D in Indrigiri, near the Mount Tilu pass. ""Collectors"" are intermediaries of sorts who buy partly processed coffee and full coffee cherry from coffee small scale farmers and then either process the coffee down to the dried seed/bean themselves, or sell the coffee to larger mills. In this case, the coffee was milled at a site in Ciwidey where they do mostly wet-hulled coffee (aka ""giling basah"" (read more about that process here). Whereas many collectors create large blends of all the coffee they buy, Pak D pays special attention to separating the lots that he buys by region, these smaller lot sizes adding a layer of quality control, not to mention more specific provenance. This lot is from farms in Rancabali District, from villages like Stamplat and Indrigiri, where Pak D is from. Elevation is roughly 1500 to 1700 meters above sea level, and most farms are planted in Ateng and Typica varieties.",,,,,,,
Kenya Kiambu Spike AB,https://www.sweetmarias.com/kenya-kiambu-spike-ab-8632.html,$9.50,Kenya,Kiambu County,Africa,90.5,0,8.8,9,8.9,9,9.3,9,9.5,9,9,9,0,0,4.5,3,2,1.5,2,3,0,0,2,4,Wet Process Kenya Type,Bourbon Types,"SL-28, SL-34, Ruiru 11",Yes,Wet Process Kenya Type,Raised Bed Sun-Dried,May 2026,17,60 KG,GrainPro Liner,AB,".2 d/300gr, 15-16 Screen",City to Full City,Farm Gate,Yes,"Very well-rounded Kenya, with forward sweetness all the way to the finish. Complexity builds as it cools, hinting at berry tea, molasses, hibiscus drink, dark sugar, and pungent black tea. City to Full City. Good for espresso.","It was another great year at Spikes farm, and we wound up with 6 different lots! This AB selection from Spike farm is the medium-sized beans (15-16 screen), and the cup fell somewhere between their more fruited Peaberries and sweet, tea-like AA coffees. The dry grounds smelled deeply sweet, with notes of dark sugars, molasses, and a hint of fruit. After pouring hot water on the grounds, the sweetness in the steam is complex, and intense. Running my spoon through the crust let off a scent of torched sugar, caramel, with accents of blueberry muffin, and a bit of dark, tannic tea. The cup has the sort of sweet/bright interplay of a classic Kenya profile, with bittersweet balance, and moderate intensity. It's not jarringly citric like some Kenyas, but rather well rounded, the complexity building as it cools. City/City+ roasts have sweet molasses and dark sugar notes that carry the cup from start to finish, accented by hints of berry tea, hibiscus drink, and a pungent black tea aftertaste. For Kenya, the top notes are on the restrained side, turning a well deserved spotlight to this coffee's forward sweetness. It's one I want to circle back on to dry dark roasted, as I think the profile would work really well for bright Kenya espresso.","When asking Moses, the farm manager, why they named the farm ""Spike"", he matter of factly stated that the owner simply liked the name. That's reason enough for me, and certainly a name we'll remember. Spike farm was established about 12 years ago, in Kaira-ini area of Kenya's Kiambu district. This 12 hectare farm sits at 1930 meters above sea level, and is planted in SL 28, and Ruiru 11 varieties, planted in separate blocks. They recently started grafting Ruiru onto SL roots too, also on a separate farm block from the rest. All of the coffee is currently harvested together. However, next year they plan to process coffee from each block and offer variety separations, as well as blends. The coffee is pulped using a small electric pulping machine, then fermented for 72 hours to break down the sticky fruit mucilage stuck to the seed. After, the coffee is washed of the remaining fruit and then dried on raised beds for around 10 days.",Spike Farm,,Kenya Notable,Kenya Notable,Sweet Maria's top-rated 2024; multiple AA/AB/Peaberry lots,Outstanding cupping scores; chocolate-berry-spice profile,
Kenya Kiambu Spike Peaberry,https://www.sweetmarias.com/kenya-kiambu-spike-peaberry-8633.html,$9.50,Kenya,"Kaira-ini, Kiambu County",Africa,91.4,.5,9,9.2,8.7,9.1,9.3,9,9.4,9,9.2,9,0,0,3.5,2.5,3,2,3,3,0,0,2,4,Wet Process Kenya Type,Bourbon Types,"SL-28, SL-34, Ruiru 11",Yes,Wet Process Kenya Type,Raised Bed Sun-Dried,May 2026,5,60 KG,GrainPro Liner,Peaberry,".2 d/300gr, Peaberry Screen",City to Full City,Farm Gate,,"Impressive sweetness, with balanced fruit flavors that shift with roast. Notes of complex burnt sugars, blackberry tea, plum, dark orange, dried currants, and spice accents mark the finish. City to Full City.","I was really impressed by the level of sweetness in both my light and medium roasts of Spike Peaberry, and couldn't really settle on a favorite. Both revealed flavors of complex sugars, along with very nice fruit suggestions that shifted depending on the roast level. City roasts were accented by dark berry and stone fruits, whereas Full City brought out a darker fruits tempered by more intense chocolate bittersweets. The sweet smells in the fragrance were accompanied by notes of black currant, cooked sugar, cinnamon caramel, and dark grape. The wet aroma had a syrupy berry smell, like raspberry reduction with brown sugar. Brewing a City roast, there's a potent burnt sugar note that leads to some complex bittering aspects in the aftertaste. I think we all agreed the Peaberry had more of a fruited dimension than AB, but it's still well balanced by the cup sweetness. Notes of blackberry tea, dark orange, and dried currant are mild-mannered, but come through the compact sweet base flavor nicely, along with fragrant spice accents in the finish. The cup develops some very nice roast tones at Full City, bittersweet and boomy, with notes of spiced blackberry, and tamarind sauce.","When asking Moses, the farm manager, why they named the farm ""Spike"", he matter of factly stated that the owner simply liked the name. That's reason enough for us, and certainly a mill name we'll remember! Spike farm was established about 12 years ago, in Kaira-ini area of Kenya's Kiambu district. This 12 hectare farm sits at 1930 meters above sea level, and is planted in SL 28, and Ruiru 11 varieties, planted in separate blocks. They recently started grafting Ruiru onto SL roots too, also on a separate farm block from the rest. All of the coffee is currently harvested together, however there are plans to process coffee from each block and offer variety separations, as well as blends. The coffee is pulped using a small electric pulping machine, then fermented for 72 hours to break down the sticky fruit mucilage stuck to the seed. After, the coffee is washed of the remaining fruit and then dried on raised beds for around 10 days. This is one of several lots we bought from Spike this year, including an AB we just sold out of, and a pair of AA graded lots on the way.",Spike Farm,,Kenya Notable,Kenya Notable,Sweet Maria's top-rated 2024; multiple AA/AB/Peaberry lots,Outstanding cupping scores; chocolate-berry-spice profile,
Kenya Kirinyaga Kiri AB,https://www.sweetmarias.com/kenya-kirinyaga-kiri-ab-8630.html,$9.50,Kenya,"Njukiini, Kirinyaga County",Africa,91.2,.5,9.1,9.2,9.2,8.7,8.7,9.2,8.9,9,9.2,9.5,0,0,3.5,0,4,4,1,2,0,0,2,3.5,Wet Process Kenya Type,Bourbon Types,"SL-28, SL-34",Yes,Wet Process Kenya Type,Raised Bed Sun-Dried,May 2026,26,60 KG,GrainPro Liner,AB,".2 d/300gr, 15-17 Screen",City to Full City,Farm Gate,,"Archetypal Kenya flavors in City/City+ roasts, brightly sweet with an assemblage of citrus notes and natural sugar sweetness. Mixed citrus quality, orange, kumquat, grapefruit, and a bright, tangy finish. City to Full City.","Kiri brews archetypal Kenya flavors when roasted to City/City+, brightly sweet with an assemblage of citrus notes and natural sweetness. But it also functions well as a medium-roast, too. The fragrance of our light roast had strong impressions of brown sugar and vanilla when ground, with a bit of malty-sweet accents, and lemon peel citric quality. The rindy aspects really show up in the wet aroma, and to me, had a candied sweetness that brought to mind candied citrus peels. At City roast level, the coffee has bracing acidity that illuminates the underlying sweetness of raw sugars like demerara, and piloncillo types. Juicy highlights are focused, and come off with a mixed citrus quality that ranges from lemonade and orange, to more bittering kumquat and grapefruit. The cup is lively to the finish, bright and tangy, with zesty top notes as it cools. Roasting closer to Full City will draw out darker toned fruits, like black currants, and a squeeze of blood orange, with soft roast bittering in the background.","Kiri is a green coffee ""Factory"" located in the Kirinyaga district, just across the border from Nyeri. It's not far from Kianyaga town, and lies in the shadow of Mount Kenya. Coffee Factories are washing stations, where coffee is processed from the cherry down to the green coffee seeds. Kenya Factories are also affiliated with farmer's cooperatives, in this case, the Ngiriambu Farmers Co-operative Society. Kiri currently serves roughly 1,200 farmer members spread throughout the surrounding villages of Gitumbi, Kirunyuini, Kerere, and Kaboia Villages. Farms are mostly planted with SL-28, and SL-34 varieties, both Bourbon selections common to Kenya. About 1% of the coffee is made up of hybrid types, like Ruiru. The mill itself sits at an altitude of 1,450 meters above sea level, which is a good estimation of median altitude for the farms delivering here.",,,,,,,
Kenya Nyeri Gichathaini AA,https://www.sweetmarias.com/kenya-nyeri-gichathaini-aa-8629.html,$9.95,Kenya,"Karatina, Nyeri",Africa,92,0,9,9.4,9.2,9.3,8.9,9,9,9.5,9.2,9.5,1.5,0,4,2,2.5,2.5,2,2,0,0,2.5,4,Wet Process Kenya Type,Bourbon Types,"SL-28, SL-34, Ruiru 11",Yes,Wet Process Kenya Type,Raised Bed Sun-Dried,May 2026,40,60 KG,GrainPro Liner,AA,".2 d/300gr, 17-18 Screen",City to City+,Farm Gate,,"Light roasts have impressive sweetness and mouthfeel, with bright accents of citrus and stone fruits that never feel stark or grabby. Notes of raw sugar, tangerine, lemonade, peach, vanilla, and black tea. City to City+.","The dry fragrance has a dark and complex sweetness, and clearly fruited aromatics, with suggestions of stone fruits and green melon, and sweet cane sugar syrup underneath. The wet aroma produces more complex sugar smells than fruit, a caramelized sugar sweetness smells potent, vanilla laced in, with hints of apricot, black tea, and sweet spice. The cup has impressive body and sweetness, fruit nectar-like in feel, which highlights some of the fruit flavors found in the cup. Light roasts showed the most cup complexity, and fairly well integrated into the underlying sweetness when brewed. Unrefined sugar notes were the first flavors I picked up on in the hot cup, caramel, raw sugars with molasses. Gichathaini cools to citrus accent notes, though not too stark or grabby. Flavors hint at tangerine, and lemonade sweetened with brown sugar, along with accents of stone fruit, melon, vanilla, and ending in a very sweet finish. The cup aroma shows delicate aspects of fruit blossoms with a light accent of lemon. The acidity is moderate and lemony at first, shifting to juicy apricot, with a bit of tannic black tea in the aftertaste.","This lot of AA grade selection is from the Gichathaini wet mill in Nyeri. The washing station (called a ""Factory"" in Kenya) is one third of the Gikanga Farmer's Cooperative Society, the other two being Kangocho and Ndaroini (the name ""Gikanda"" is actually made up of the first letters of the three factory names: GIchathaini + KAngocho + NDAroini). They have been an outstanding cooperative for years, and we used to see their coffee with some regularity, but the group we work with in Nyeri hasn't had any offers to show us for a few years. We actually had the opportunity to visit a few years back and hope to again soon. Like most of the region, the farmer members of Gichathaini work very small plots of land. Many have less than one hectare of land, and the preferred cultivars are SL-28, and SL-34 bourbon selections, known for good cup quality, especially when growing conditions are favorable. This region has very good altitude, starting at 1900 meters above sea level, and topping out around 2000 meters.",,,,,,,
Kenya Nyeri Gititu AB,https://www.sweetmarias.com/kenya-nyeri-gititu-ab-8637.html,$9.50,Kenya,Nyeri County,Africa,92.2,.5,9.3,9.5,9.5,9.3,8.5,9,9.3,9,9.3,9,0,3,4,2,4,4,2,1,0,0,3,3.5,Wet Process Kenya Type,Bourbon Types,"SL-28, SL-34",Yes,Wet Process Kenya Type,Raised Bed Sun-dried,May 2026,26,60 KG,GrainPro Liner,AB,".4 d/300gr, 15-17 Screen",City to City+,Farm Gate,,"A nice mix of tart and sweet in the cup, honeyed flavors with mouth-cleansing brightness that connects to a long finish. Notes of grabby lemon, golden raisin, passionfruit, black tea, Hefeweizen beer. City to City+.","Gititu has a very fragrant profile when grinding, chamomile and honey tea smells are emitted in the dry fragrance, slightly floral in nature, and with raw sugar and refined berry whiffs. The wet aroma at City roast level has a sweet tea smell, and with citrus accents like orange and lemon, black currant jam, and with a really nice dark sugar scent when breaking through the crust. The cup is woven together by brilliant acidity, lemon and grapefruit citrus, a mouth-cleansing brightness that connects to a long, sweet finish. The cooling cup displays a unique honey flavor, and dimensional fruits that cover a lot of ground. Fruited top notes show elements of grabby lemon (juice and zest), golden raisin, a nice mix of tart and sweet notes. I pick up on some of the black currant sensed in smells, along with hints of passionfruit, and pink grapefruit. City+ roasting builds dark sugar matrix and raisin fruit flavor, along with subtle bittering aspects, like black tea tannins, and whole clove. The finish has a tartness to it, with a mix of spice and citrus, with a yeast/wheat-like flavor that brought to mind Hefeweizen beer with a lemon wedge. This is a nice Kenya option for those looking for lively acidity, and clean sweetness that's beautiful and unique in the City to City+ roast range.","Gititu Factory is part of Aghuti Farmers Cooperative Society (FCS), an FCS that includes a few other stations we buy from: Thageini and Kagumo. It's not the ""factory"" as we might imagine it. ""Factories"" are essentially small washing stations aligned with a particular ""society"" in Kenya, what we would call a ""cooperative"". We return to the societies who seem to regularly produce some of the best Kenya coffees, and each year we come across societies that are new to us as well, such as Aghuti. This is the AB grade, which refers to the size of the coffee beans that are included. Coffee plants produce a range of bean sizes, from super tiny to quite large, and separating by size helps facilitate a much more uniform roasting experience. In Kenya, the most common top grades are AA, AB, and Peaberry. AA's are the largest and most expensive, whereas AB are only slightly smaller, and often of the same cup caliber as the AA. We found this AB outturn to be a good representation of the unique flavors produced at the Gititu wet mill.",,,,,,,
Kenya Nyeri Kiamabara AB,https://www.sweetmarias.com/kenya-nyeri-kiamabara-ab-8636.html,$9.50,Kenya,"Karatina, Nyeri",Africa,91.5,.5,9,9.4,9,9,9.2,8.9,9.3,9,9.2,9,0,0,4,0,3,3,2.5,3,0,0,2,4,Wet Process Kenya Type,Bourbon Types,Bourbon,Yes,Wet Process Kenya Type,Raised Bed Sun-Dried,May 2026,30,60 KG,GrainPro Liner,AB,".2 d/300gr, 15-17 Screen",City to Full City,Farm Gate,,"Very sweet Kenya, juicy and moderately complex, with citrus notes that are more sweet than bright. Notes of lemonade, orange cream soda, apricot jam, and lovely acidity that doesn't overpower the cup. City to Full City.","This lot from Kiamabara showed juicy sweetness in the cup, enhanced by notes of complex sugars and fruited accents that cover a lot of ground. The fragrance has a sweet spice hint, like whole clove, with peach, brown sugar, and kaffir lime. The wet aroma is 'big' in the sense that unrefined sugar and fruit smells fill the room when pouring hot water on the grinds, peach and orange, and a berry compote note. Deep raw sugar sweetness courses through the cup, molasses accents at the edges, and a citrus note brought a snappiness to the acidity without overpowering the cup. It's more sweet citrus than bright, hinting at Orange Julius drink, and lemonade sweetened with panela sugar. Light roasts pulled out juicy flavors, like black cherry and plum, as well as hints of apricot jam, and orange cream soda. Full City roasts brewed a thicker bodied cup, with syrupy sweetness, and fruit accents of raspberry, and plum sauce. Dark cacao and coconut water added some contrast in the finish, and brought to mind cacao bar with dried tropical fruit. We were really split on which roast was the favorite, and thoroughly enjoyed brewing both!","This coffee comes to us from the Kiamabara factory, located near the town of Nyeri. This is a cooperative coffee - part of the Mugaga Farmers Cooperative Society - but in Kenya they're called ""factories"" which is quite fitting really. I think of factories as an assembly line of sorts, where there is absolute consistency to the product output. This rings true for coffees that come from many of the Kenya factories we deal with. Year after year they have an astonishing ability to consistently produce sweet, clean, and complex coffees. Like most of the cooperatives in the area, members tend to much smaller plots of coffee trees than their estate farm competition, thus having more control over the production of ripe cherry. The average altitude is right around 1900 masl and most of the small holder farmers contributing to this washing station grow SL-28, and SL-34 cultivars (Bourbon hybrid from the 1930's developed by Scot Labs). This is the Peaberry outturn, meaning, they've separated out all of the peaberries from a particular day's harvest, which in this case makes up a whopping 14 bags.",,,,,,,
Kenya Nyeri Nduma Peaberry,https://www.sweetmarias.com/kenya-nyeri-nduma-peaberry-8635.html,$9.50,Kenya,"Nduma Village, Nyeri County",Africa,91.4,.5,9,9.2,9,9,8.7,9,9.3,9.5,9.2,9,0,2.5,4,4,3,3,0,2,0,0,2,3.5,Wet Process Kenya Type,Bourbon Types,"SL28, SL34, Batian, Ruiru 11",Yes,Wet Process Kenya Type,Raised Bed Sun-Dried,May 2026,6,60 KG,GrainPro Liner,Peaberry,".2 d/300gr, 15 Peaberry Screen",City to Full City,Farm Gate,,"Saccharine sweet base flavors and very sweet finish, with a bright top end that structures the cup. Notes of brûlée sugar, caramel, molasses, Naval orange, Galia melon, crisp black tea with lemon. City to Full City.","If it's sweetness you're after, Nduma is a good Kenya to start with. Alongside the familiar bright top-end that we expect from Kenya coffee, are saccharine sweet base flavors that we found ourselves circling back on in the brew. City+ roasts brought out a nice balance of these two dimensions, and smelled like blackstrap molasses and burnt sugar from the grinder. Pouring hot water on the coffee brought hints of honey, brown sugar, caramel, and plum to the steam. The 'burnt sugar' aspects came through in the brew too, with potent notes of brûlée crust, artisinal caramel, and dark toffee. The initial acidic impression is one of crisp black tea with a spritz of fresh squeezed lemon. As the coffee cools, some of the fruit notes become a bit more clear, like Naval orange, green Galia melon, and golden raisin. We found that first crack is a little subdued at first, and something to watch out for when roasting. It's there, just a little less pronounced and infrequent, making it easy to roast a little darker than intended.","Nduma is a green coffee ""Factory"" located in Nduma village, part of the Nyeri District, a mountainous region known for coffee production and quality. It's not far from Kianyaga town, and lies in the shadow of Mount Kenya. Coffee Factories are washing stations, where coffee is processed from the cherry down to the green coffee seeds. Kenya Factories are also affiliated with farmer's cooperatives, in this case, the Rumukia Farmers Co-operative Society (other Factories under this umbrella include Tambaya, Maganjo, Kiawamaruru, and more). Nduma currently serves roughly 665 farmer members spread throughout the surrounding villages. Farms in this region span an altitude range of roughly 1,600 to 1,800 meters above sea level, and most are planted with SL-28, and SL-34 varieties, both Bourbon selections common to Kenya, with smaller pockets of hybrid types like Batian, and Ruiru. This is a peaberry selection, which makes up less than 5% of the harvest. Peaberries occur when a coffee cherry only produces a single round seed, instead of the typical pair of seeds that have one flat side, and one round. They are thought to be high density seeds, with potential for fruitier flavors than their flat bean counterparts. It's not always true, though Nduma peaberry shows some snappy fruits alongside impressive cup sweetness.",,,,,,,
Kenya Nyeri Ruarai Peaberry,https://www.sweetmarias.com/kenya-nyeri-ruarai-peaberry-8640.html,$9.50,Kenya,"Gikundu, Nyeri",Africa,91.5,.5,9.2,9.5,9.2,9.2,8.7,9,8.9,9,9.3,9,0,0,3,0,3.5,3,3,1,0,0,3.5,3.5,Wet Process Kenya Type,Bourbon Types,"SL-28, SL-34, Ruiru 11",Yes,Wet Process Kenya Type,Raised Bed Sun-Dried,May 2026,6,60 KG,GrainPro Liner,Peaberry,".2 d/300gr, 15 Peaberry Screen",City to City+,Farm Gate,,"Brews a lively pour-over with fruit-accented sweetness, fragrant aromatics, juicy flavors and a bright top end. Notes of grape, black currant, mulled juices, tangy cranberry, kiwi, tannic black tea, and orange zest. City to City+.","Ruarai Peaberry brews a lively pour-over coffee, with fruit-accented sweetness and fragrant aromatics. I tried three different roast levels, and found City-City+ to be ideal for juicy flavors and a bright top end. City roasts smelled very nice coming from the grinder. I picked up on berry accented sweetness in the fragrance, like raspberry sauce reduced with brown sugars and a sprinkling of baking spices, along with a very light hint of lime zest. Pouring hot water on the grounds drew out potent sweet smells of dark brown sugar mixed with lemon juice, plump fruits, and sweet tea. The brewed coffee has a juicy quality that brings out syrupy sweetness, along with plump dark fruits. Notes of red grape and black currant are accented by spice hints of cardamom and clove, and reminded me of mulled juices. A tangy cranberry note brightens the cup as it cools, along with green fruits like kiwi and honeydew melon. The finish has pleasant bittering aspects that are mouth-cleansing, like tannic black tea, and orange zest.","The Ruarai Coffee Factory gets its name from the nearby Ruarai river that flows just below the mill. This is part of Gakindu town, known for having one of the oldest livestock markets in Nyeri, dating back to the 17th Century. It's also a hub for rural farmers, many of whom are aligned with cooperative ""Factories"" in the area, essentially small washing stations that operate under a cooperative umbrella. In this case, Ruarai is aligned with Ruthaka Farmer's Cooperative Society (""FCS""), whose membership exceeds 600 small scale farmers. While we buy coffee from many other Factories in this area, this is the first year we've purchased from Ruarai. This peaberry outturn was shown to us on a Kenya trip earlier this year. It stood out as being juicy and bright, and we knew we wanted to buy it right away. The only downside was, it's only 6 bags! Peaberries occur when a coffee cherry only produces a single round seed, instead of the typical pair of seeds that have one flat side, and one round. They are thought to be high density seeds, with potential for fruitier flavors than their flat bean counterparts. We didn't cup their ""flat bean"" coffee (AA, and AB), but couldn't pass up this tiny microlot.",,,,,,,
Papua New Guinea Organic Goroka SWP Decaf,https://www.sweetmarias.com/papua-new-guinea-organic-goroka-swp-decaf-8621.html,$9.50,Papua New Guinea,"Goroka, Eastern Highlands",Oceania,86.8,2,8,8.4,8.2,9.3,8.5,8,8.2,8,8.7,9.5,0,0,3,2,1,1.5,0,3.5,0,4,3,3.5,Swiss Water Decaf,Typica Types,"Arusha, Typica",No,"Wet Process (Washed), the Swiss Water Process Decaf",,Apr 2026,50,60 KG,GrainPro Liner,,"1+ d/300gr, 15-17 Screen  - some broken and misshaped beans due to decaffeination",City to Full City+,"Organic/Fair Trade Cert., Decaf",Yes,"Versatile in the roaster, balanced chocolate tones and positive acidity for decaf coffee. Notes of rice syrup, tarragon, citrus, dark cocoa, chipotle and black sesame. City to Full City+. Good for espresso","The grinds let off a rustic sweetness, pungent coconut palm sugar, with accents of bran muffin, and spice cake. The wet aroma brought out more of the sweetness, as well as an interesting peppery aspect. This is a very versatile coffee in terms of roast level, with positive acidity for decaf coffee in the light roasts that can be tamped down with darker roast development. It offers balanced chocolate bittersweet tones between City and Full City, the lighter giving off flavors I associate with Indonesian coffees, like rice syrup, and herbal tarragon. There's a brisk citrus accent that fades to a peppery note of chipotle laced chocolate, and a clean finish that's a bit abrupt. Full City roasts are more bodied/bittersweet, with interesting cocoa/toasted grain profiles, like cocoa crisped rice, chocolate malted grain, and something like black sesame brownie. This should make outstanding espresso!","Papua New Guinea occupies the Eastern half of the island it shares with the Indonesian province of Irian (no sizable coffee production comes from Irian). There can be a huge range of cups from Papua New Guinea, and the so-called Plantation coffees represent the cleaner character of the coffee produced on the island... more like a good Central American than part of the Indonesian profile. This decaf is a good representation of the balanced flavors you can find in Papua New Guinea, and quite versatile in terms of roast level and brew methods. The lot is comprised of the coffee from many small farms in Goroka, which is part of the very high altitude Eastern Highland region. Coffee grows between 1700 and 2000 meters above sea level, and the farms are typically less than 1 hectare on average. It was decaffeinated by the folks at Swiss Water Decaf in Vancouver, Canada. Their water-only process method removes 99.9% of the caffeine from coffee without any chemical solvents. As far as decaffeination goes, it's one of the gentler processes for the coffee and we find that we get a nice approximation of the non-decaf coffee that we send them.",,,,,,,
Peru Chirinos Las Pirias,https://www.sweetmarias.com/peru-chirinos-las-pirias-8499.html,$10.05,Peru,"Las Pirias, Chirinos District",South America,86.9,1.5,8.4,8.5,8.5,8.5,8.8,8.4,8.5,8.5,8.3,9,0,0,3,2,1,0,0,4,2.5,0,1.5,4,Wet Process (Washed),"Caturra Types, Bourbon Types, Typica Types, Modern Hybrids","Caturra, Pache, Typica",Yes,Wet Process (Washed),Covered Sun-Dried,November 2025 Arrival,36,69 KG,GrainPro Liner,SHB,".6 d/300gr, 16-18 Screen",City+ to Full City+,Farm Gate,Yes,"A crowd pleasing, mid-toned brew in the City+/Full City roast range, with layered raw sugar sweetness, well-integrated acidic impression, and hints of baked goods, like snickerdoodle and molasses cookie. City+ to Full City+.","Las Pirias makes a crowd pleasing, mid-toned brew in the City+/Full City roast range. I enjoyed lighter roasts too, where acidity had a bit more impact, however sweetness felt a bit underdeveloped. Grinding a City+ roast released hints of brown sugar and molasses, with a dried fruit accent note. The wet aroma produced more of a dark bittersweet foil with hints of caramelized sugar and pistachio. The flavor profile is well balanced by an underlay of raw sugar notes, like turbinado, palm sugar, and panela. The acidity has a cherry aspect and well integrated into the cup profile. Top notes are slight in the middle roasts, but as it cooled, I sensed hints of cinnamon, and baked goods like snickerdoodle and molasses cookie, with cocoa-toned aftertaste.","This coffee comes from the Las Pirias village, within the District of Chirinos. This area is well known for coffee, the many cooperatives and associations making Chirinos a thriving market place for coffee farmers. While many buyers are still mainly producing large commercial volumes, there are some who are implementing a more quality-focused approach. This lot was purchased through one such intermediary we've bought coffee from for about the last decade. They've worked to establish farmer groups in the surrounding villages who are willing to put in the extra labor picking and processing coffee in order to push higher quality, receiving higher premiums in return. The farms in Las Pirias are typically less than 5 hectares, and most farms are planted in a mix of varieties, like Bourbon, Caturra, Pache, and Typica. The coffee is home processed, rather than managed at a central mill. Most farmers pick and pulp their coffee the same day, fermenting for 1-2 days to break down the sticky fruit mucilage, and then dried on raised beds for about 2 weeks.",,,,,,,
Peru Comite La Palma,https://www.sweetmarias.com/peru-comite-la-palma-8498.html,$10.35,Peru,"Comite La Palma, San Ignacio, Cajamarca",South America,87.5,1.5,8.5,8.6,8.4,8.7,9.2,8.5,8.5,8.5,8.6,8.5,0,0,3.5,3,2,0,0,4,1.5,0,2,4,Wet Process (Washed),"Caturra Types, Modern Hybrids","Caturra, Catuai",Yes,Wet Process (Washed),Patio Sun-dried,November 2025 Arrival,39,69 KG,GrainPro Liner,SHB,".6 d/300gr, 15-17 Screen",City to Full City+,Farm Gate,Yes,"Body is milky on the palate, with appealing raw sugar sweetness that carries over to finishing hints of baked apple, tannic tea, and creamy nut. Bean to bar chocolate at darker levels. City to Full City+. Good for espresso.","The ground coffee has a clean scent of light brown sugar and hazelnut, with a hint of barley malt syrup. The addition of hot water pulls out accents of dried fruit from the grounds, with sugar browning sweetness, caramel and toffee shell. La Palma showcased creamy body across both City and Full City roasts we tested, milky on the palate, and a bit juicy. The sweetness tasted lightly spiced with cinnamon, and showed unrefined brown sugar qualities that carried over into finishing hints of baked apple, and creamy raw nut notes, like Brazil nut and hazelnut. There's a mouth pleasing interplay of acidity at City+ roast level that brought to mind tannic black tea. Our Full City roast developed profiles of bittersweet bean to bar chocolate, creamy dark ganache, the cooled cup showing a muted raisin note too, like chocolate covered raisin.","Like the other three Peru's we've sold this year, this is another from within the San Ignacio District, Cajamarca, a region known for producing specialty grade coffee. Specifically, the coffee is from farms in the town of La Palma (""comite"" is basically a village, or town). Most of the farms are between 1700 and 1950 meters above sea level, planted in Caturra and Catuaí varieties. Farmers process their own coffee, as opposed to delivering to a central mill and processed together, which presents unique control of the quality, and an opportunity to taste the coffee from each farm separately. From one farm to the next, the wet process method is more or less standardized. Farmers typically let the cherries rest overnight before removing the fruit using small pulper machinery. They then ferment the mucilage-covered seeds for 24-36 hours in order to break down the fruit, making it easy to then wash away. Coffee dries in about two weeks and is usually managed on covered patios that protect the drying coffee from rain.",,,,,,,
Peru Organic Honey Guardian del Bosque Gesha,https://www.sweetmarias.com/peru-organic-honey-process-guardian-del-bosque-gesha-8574.html,$13.75,Peru,"Gracias a Dios, Lonya Grande, Amazonas",South America,89.7,.5,9,9.3,8.5,9.2,8.5,8.8,9,8.5,9.4,9,2,2,3.5,0,3,2,2,2,0,1,0,3.5,Honey Process,Gesha,Gesha,No,Honey Process,"Raised Bed, Covered",Jan 2026,5,69 KG,GrainPro Liner,SHB,".4 d/300gr, 15-17 Screen",City to City+,Organic/Fair Trade Cert.,,"Honey processing draws out fruit-accented sweetness in this Gesha coffee, with tropical hints, passion fruit and guava, rustic dried date, and fragrant aromatics that offer both floral highlights and intriguing resinous notes. City to City+.","This is our third, and final Gesha coffee from Guardian del Bosque. It's a honey processed lot, which means the coffee seeds were dried with some of the fruit flesh still intact. Honeys are often fruited, though less-so than a full dry process coffee. We found this lot showed delicious dried fruit and tropical accents, with a fragrant aroma that delivers some of the perfumed floral aspects that we attribute to Gesha coffee. The grinds were accented by notes of pulpy orange and cooked pear, with soft wine-like accents, and raw sugars backing things up. Floral highlights begin to take shape in the wet aroma, and fruity aspects brought to mind fragrant flowers like gardenia and rose. There's also a nice fruited dimension layered with attractive bittersweet notes. City roasts brew fragrant flavors both fruited and floral, with something resinous and intriguing as it cools. Cup flavors have a retronasal element that draws out perfumed profiles of tropical fruits, passion fruit and guava, as well as some more rustic dried fruit types, like apricot and date. The aroma also shows floral hints of sweet pea and jasmine pearls, along with a complex note of amber resin. The acidity is fairly integrated into the cup profile, more rounded than sharp, like sweet orange. Best to stick to light roast here, City/City+ maximum. It's a very sweet cup at medium roast levels too, but loses much of the volatile aromatics that make it so unique.","""Guardian del Bosque"" is the name of the farm owned by Ronal Carranza Montenegro. His 11.5 hectare farm sits at 1600 meters above sea level, and is planted in several different coffee varieties, including Gesha. This underwent a honey process method that involves leaving some of the fruit intact with the seed during the drying phase. This extended time in contact with the fruit after picking certainly plays a large role in the fruit flavors tasted in the cup. It still shows delicate floral character too, which is not always the case for honey and natural Gesha coffees. Ronal is a longtime member of a local coffee cooperative, Asociación de Productores Cafetaleros Juan Marco El Palto (""JUMARP""), whose work involves provide technical assistance at the farm level, like post harvest processing best practices, and improvements to processing environment and drying space. The coop have also helped this group achieve organic and fair trade certifications, which insures a premium price is paid for their coffee. Ronal plays around with different process methods, and this year we bought wet process, honey process, and dry process versions of his Gesha coffee. Each process brings its own unique flavors, with this dry process lot bringing out plump fruits and a fragrant floral aroma.",,,,,,,
Peru Organic La Victoria Coop SWP Decaf,https://www.sweetmarias.com/peru-organic-la-victoria-coop-swp-decaf-8620.html,$9.95,Peru,"La Victoria, San Martin",South America,88.4,2,8.5,8.7,8.2,9,8.2,8.4,8.4,8.3,9.2,9.5,0,0,3,0,4,0,4,4,0,2,2,3,Swiss Water Decaf,"Bourbon Types, Typica Types, Modern Hybrids","Bourbon, Catimor, Caturra, Typica",No,"Dry Process, then Swiss Water Process Decaf",Patio Sun-Dried,Apr 2026,50,60 KG,GrainPro Liner,,"1+ d/300gr, 15-17 Screen  - some broken and misshaped beans due to decaffeination",City to Full City,"Organic/Fair Trade Cert., Decaf",,"Fruit-forward flavors make for an impressive decaf coffee. Notes of fruit loops, dried strawberry, sarsaparilla, fermented hints, drinking chocolate, banana milk, long, persistent finish. City to Full City.","Fans of fruit-forward dry process coffees take note. This Peruvian decaf brings big, fruit-toned sweetness that's impressive for any coffee we've tasted (decaf or otherwise)! The dry fragrance had notes of dried strawberry, winey accents, and dark chocolate. Pouring hot water on the grinds pushed sweet notes of cooked plum and berry sauce in the steam, with a hint of dried peach. At lighter City/City+ levels we noted flavors of fruit loops cereal, dried strawberry, all backed by a nice dark drinking chocolate flavor that was long lasting. I found that the intensity quieted down a little as the coffee cooled, with chocolate coming closer to the front, and root-y notes of burdock and sarsaparilla settling in with hints of fruit jam, and fermented berry. The finish is persistent, and shows a mixture of dark cocoa powder and banana milk. We were all pretty floored by the flavor profiles this impressive decaf produced! It must have been a super fruity coffee to begin with in order to taste like this post-decaffeination.","This decaf is made up of coffee from Cerro Blanco Producers Association (APROCEB) in La Victoria Peru. It was founded by the local community as a way of organizing coffee farmers around shared goals of increased market access, and in turn maximizing reinvestment in their community. Through the years they've expanded on those core ideals, training members in organic coffee production, providing technical and financial assistance, and creating opportunity through eduction advancement and programs, with a commitment to environmental sustainability. The coffee that went into this lot was dry process, meaning the whole coffee cherries were dried with the seeds still intact. While we did not have the opportunity to taste the non-decaf coffee, it must have been quite fruit-forward as the decaffeinated results are fruity and delicious! Tasting it on a table with other decaffeinated coffees, the fruited complexity immediately stood out, and we could not resist picking some up. If you're a fan of fruity coffees, then this is definitely the decaf for you! The farms span an altitude range of 1500 and 1900 meters above sea level. For decaffeination, it was processed by Swiss Water Decaf in Vancouver, Canada. Their patented process method uses only water to remove 99.9% of the caffeine, while leaving much of the volatile compounds that affect flavor and aroma intact.",,,,,,,
Peru Productores de Jaén,https://www.sweetmarias.com/peru-productores-de-jaen-8502.html,$9.35,Peru,"Jaén, Cajamarca",South America,86.5,2,8.2,8.4,8.3,8.4,9,8.3,8.4,8.5,8,9,0,0,3,3,0,0,0,4,3,0,2,4,Wet Process (Washed),"Caturra Types, Modern Hybrids",Catuaí,Yes,Wet Process (Washed),Patio Sun-Dried,Nov 2025,30,69 KG,GrainPro Liner,SHB,".4 d/300gr, 15-17 Screen",City+ to Full City+,Farm Gate,Yes,"This small producer blend offers familiar bittersweet flavors, and thick body that performs well as both brewed coffee and espresso. Milk chocolate, semi sweet chips, creamy nut, milky body. City+ to Full City+. Good for espresso.","This small producer blend offers balanced sweetness and roast bittering, and thick body that performs well as both brewed coffee and espresso. City+ roasts have a scent of cooked sugar and malt syrup notes when ground, whereas the chocolaty aspects really came through in the wet aroma. Crowd-pleasing coffee that offers bittersweet balance at a range of roast levels. The flavor profiles are bittersweet and familiar, notes of milk chocolate, semi sweet chocolate chips, with creamy nut hints in the finish, like cashew and almond. The cup has a milky/lactic aspect that draws out a pleasantly mild acidic impression. The finish is bittersweet, accented by a cinnamon note that brought to mind Abuelita drinking cocoa.","This lot was made from coffees of several different farmers around Jaén city, and represents the quality and versatility found from this high altitude region in northern Peru. The average altitude is around 1750 meters and cultivars grown are typically Caturra, with some Typica and Bourbon mixed in. This is wet process coffee, managed individually by the farmers at home using small hand-cranked and motorized pulpers to remove the fruit, followed by a fermentation stage to break down the sticky fruit mucilage that adheres to the seeds. Afterwards, the wet coffee is dried inside parabolic drying rooms or on cement patios for around 1 week. These particular group of farmers received agronomical training from an exporter in Cajamarca, who offer programs that support sustainable farming and good harvest practices. They register all the farmers they buy from in order to help isolate different quality tiers, but also be able to issue the initial payments and any quality premiums themselves, something that was lacking through more traditional avenues.",,,,,,,
Roasted Coffee Subscription,https://www.sweetmarias.com/rstd-subs-1050.html,$40.00,,,Roasted Coffee,,,,,,,,,,,,,,,,,,,,,,,,,,,,,,,,,,,,,,,,"Enjoy 2 lbs of freshly roasted coffee from our Probat roaster at Sweet Maria's Coffee. With a roasted coffee subscription we ship you two different single origin coffees roasted between a City-Full City roast, packaged in resealable valve bags. Free USPS Priority shipping!","Subscribers will enjoy two pounds of freshly roasted, whole bean coffee delivered right to their door every 2 - 4 weeks. Each shipment will contain two different single origin coffees roasted on our Probat roaster between a City - Full City (light - medium) roast.",,,,,,,,
Rwanda Dry Process Gitwe,https://www.sweetmarias.com/rwanda-dry-process-gitwe-8579.html,$9.30,Rwanda,"Nyamasheke, Western Province",Africa,88.3,1.5,8.6,9,8.6,8.8,9.2,8.5,8.7,8.2,9.2,8,0,0,3,0,4,0,3.5,3.5,0,3,3,4,Dry Process (Natural),Bourbon Types,Bourbon,Yes,Dry Process (Natural),Raised Bed Sun-Dried,Jan 2026,25,60 KG,GrainPro Liner,A1,".6 d/300gr, 15-17 Screen",City+ to Full City+,Farm Gate,,"Profiles of dried fruits and berries are core flavors, along with bittersweet intensity that offers a nice counterpoint to some of the wilder aspects. Apricot, fruit leather, cardamom, chicory, chocolate coconut. City+ to Full City+.","Profiles of dried fruits and berries are core flavors in dry process Gitwe, along with bittersweet intensity that offers a nice counterpoint to some of the wilder aspects. Grinding the coffee released a scent of pulpy berry, accented by dried stone fruits, and cocoa. The aromatic impressions were a bit more defined in the wet aroma, dried date and prune, berry pancake syrup, and green melon, with rustic bittersweets. City-City+ roasts brought a moderate level of acidity to the cup for a dry process coffee, which underscored some of the more fleshy fruit flavors. I noted stone fruits, like peach and apricot, with a slight bittering note on the tongue that brought to mind the actual fruit pit. The coffee cooled to rustic-toned fruits, berry fruit leather, natural dried apricot, along with hints of bittering spices, such as cardamom and mace, and a leathery accent in the aftertaste. Full City roasts are much more deep-toned, but also a bit juicy. There was a syrupy berry note the percolated up from within a blanket of high % cacao chocolate flavors, and finishing accents chicory and chocolate-covered coconut.","The Gitwe coffee mill is located in Rwanda's southern Nyamasheke District. The station itself sits at roughly 1800 meters above sea level, and the altitude of the surrounding farms range between 1800 and 2000 meters. This is a dry process coffee, and only the second one we've bought from Gitwe. Not that we've passed in previous years, but I don't think they produce that much in comparison to their fully washed coffee. The dry process method involves drying the whole coffee cherry with the seeds still intact, fruit and all. Typically, it take twice as long to dry a dry process (""natural"") coffee, and can lead to heavy fruit flavors in the cup, along with lower acidity, and body. We found Gitwe had a very nice array of rustic fruits at a wide range of roast levels, and also presented an impressive acidic impression considering the process. Dry process coffees also produce more chaff during roasting, which is something to keep an eye on between batches. If you're roasting in a Behmor, I would limit batch size to around 300 grams in order to avoid chaff smoldering on the quartz burners.",,,,,,,
Rwanda Milles Collines Peaberry Lot 2,https://www.sweetmarias.com/rwanda-milles-collines-peaberry-lot-2-8582.html,$8.65,Rwanda,"Nyamasheke, Western Province",Africa,88.5,1,8.7,8.8,8.6,8.8,9,8.5,8.8,8.5,8.8,9,0,2,4,3,2,2,0,4,0,0,2.5,4,Wet Process (Washed),Bourbon Types,Bourbon,Yes,Wet Process (Washed),Raised Bed Sun-Dried,January 2026 Arrival,50,60 KG,GrainPro Liner,A1,".2 d/300gr, 15 Screen",City to Full City+,Farm Gate,Yes,"Syrupy sweetness with bright accents, mouth-pleasing texture, and a spiced, bittersweet aftertaste. Caramel, brisk tea, citrus, cinnamon sauce, semi-sweet chocolate. City to Full City+. Good for espresso.","These peaberries may be small, but they sure have a lot to offer in the cup! That shouldn't be a surprise considering this lot is made up of the small peaberry selections from many of the wet mills we buy from (Tumba, Gitesi, Gitwe, and others). In a lot of ways, this is quintessential Rwanda Bourbon; syrupy sweet at its core, brightly accented top notes, and mouth-pleasing texture. The aromatic profile provides some clues of what's to come, built on a sweet base note that hints at raw sugars, molasses, and buttery caramels. The steam releases delicate aspects of loose leaf tea and spices, and a hint of apricot, with dark sugars folded in. The cup offers lively flavors at City roast level, atop foundational sweetness of caramel and raw sugar. Fragrant accents peek through as the coffee cools off a bit, like tart tea (Rooibos?) and dried lemon peel notes, adding a pleasantly bright dimension to syrupy-sweet flavors of cinnamon sauce, and brown sugar simple syrup. At Full City, the cup offers compact bittersweet flavors that bear a resemblance to semi-sweet chocolate chips, and dark chocolate truffles.","This coffee lot incorporates peaberry selections from several coffee washing stations in Rwanda's southern and western provinces. Peaberries are considered an abnormality, however they occur in small amounts on every tree. It's when only one of the two coffee seeds inside a coffee cherry germinates, and proceeds to mature inside the cherry as a small, rounded seed. When we buy peaberry lots from a single farmer in say, Guatemala, the final bag count is usually only a couple bags due to the small farm sizes. But in Rwanda, we buy from many cooperative stations that collect coffee from hundreds to thousands of cooperative members, who between them, produce considerably higher volume of this small bean rarity. In this case, a 50 bag lot. ""Milles Collines"", as Rwanda is commonly referred to, French meaning ""the land of 1000 hills"". The cooperatives and washing stations who contributed to this blend are situated in the villages at the tops of some of these ""collines"", affording access to the higher elevation coffees, and offering ease of delivery for these coffee farm members.",,,,,,,
Rwanda Nyamasheke Gatare,https://www.sweetmarias.com/rwanda-nyamasheke-gatare-8577.html,$9.05,Rwanda,"Gatare, Nyamasheke",Africa,88.2,.5,8.6,8.8,8.6,8.8,9,8.7,9,9,8.7,8.5,0,0,3.5,4,2.5,2.5,0,3,0,0,3,4,Wet Process (Washed),Bourbon Types,Bourbon,Yes,Wet Process (Washed),Raised Bed Sun-Dried,Jan 2026,55,60 KG,GrainPro Liner,A1,".2 d/300gr, 15-17 Screen",City to Full City,Farm Gate,Yes,"Aromatic sweetness of caramel and baking spice, with a light citrus oil note that plays into the acidic impression. Hints of brown sugar, pear, cinnamon roll, and a shimmer of sweat tea. City to Full City. Good for espresso.","Caramel and spice notes were woven in at every stage of the cupping experience leaving an overall impression of a coffee with aromatic sweetness. Partially refined sugars and cream caramels accented the fragrance and aroma, building out a very sweet backdrop for top notes of spice and tea to stand out against. The cup is saccharine sweet, and with a light citrus oil note that plays into the moderate level of acidity sensed in the City roasts. In fact, sweetness and acidity are the first things I note when the cup was hot, though it doesn't take long for more to be revealed. Moving through the cup reveals top notes of caramel cookie, brown sugar, with hints of pear fruit tart, and a shimmer of sweat tea. City+ roasts showed a slightly more developed sweetness, cinnamon rolls laced with brown sugar and raisin, dark cola, cocoa, and some pleasant tea-like tannic bittering in the finish. I wasn't as fond of my Full City roast as brewed coffee, but loved it extracted as espresso. Ristretto shots are so syrupy, with flavors that touch on bittersweet chocolate, malt ball, and a moderate bright note of preserved lemon.","The Gatare washing station gets its name from Commune Gatare, in the Western province Kayanza where it's located. Dating back to 2003, the Gatare coffee washing station is one of the oldest in the country, and one of the first well known for producing Specialty grade coffee for export. Gatare town sits at 1800 meters above sea level, but the surrounding hills where the coffee is grown, stretch upwards of 200 meters. Gatare has competed in the Cup Of Excellence competition many times, placing top 10 more than once. The process their coffee using a McKinnon 3-disc coffee depulper to remove the cherry skin and most of the fruit. The coffee beans are then ""dry fermented"", which means that they are fermenting the coffee seeds, with their sticky fruit mucilage layer, without the addition of water. The coffee seed are then soaked in clean water and agitated to remove the remaining fruit, and dried on raised drying beds for up to 2 weeks.",,,,,,,
Rwanda Nyamasheke Mutovu,https://www.sweetmarias.com/rwanda-nyamasheke-mutovu-8576.html,$9.05,Rwanda,"Nyamasheke, Western Province",Africa,88.5,.5,8.6,8.7,8.7,9,8.9,8.7,9,9,8.9,8.5,0,3.5,3.5,2,1.5,1.5,0,3.5,0,0,2.5,4,Wet Process (Washed),Bourbon Types,Bourbon,Yes,Wet Process (Washed),Raised Bed Sun-Dried,January 2026 Arrival,20,60 KG,GrainPro Liner,A1,".2 d/300gr, 15-17 Screen",City to Full City+,Farm Gate,Yes,"Prominent sweetness and well-integrated acidity are a big part in Mutovu's appeal. Layered notes of honey, molasses, and cocoa, clean accents of dried fruit, brisk black tea, and spice cake. City to Full City+. Good for espresso.","Mutovu is a balanced Rwandan coffee, with well-developed sweetness of unrefined sugars offset by dark cocoa roast tones in the City+/Full City roast range. The moderate acidity level and big body that are developed in these roasts make it a great option for espresso too (especially Full City-FC+!). The sweetness in the dry grounds allude to maple, rustic sugars, with a hint of cinnamon stick. The wet aroma at City-CIty+ roast level has the sweetness of molasses, with layers of red honey, vanilla, and cocoa. Light and middle roasts are delicious, where cup sweetness and well integrated acidity shines through as Mutovu's strength, along with pleasant roast flavors provide background contrast. The sweetness has an aromatic quality, like honey and molasses, along with milder fruit flavors like raisin and dried black currants. The cup has pleasantly bright dimension at City/C+ levels, brisk like black tea with a spritz of lemon, finishing with an aromatic twist of spice cake. Full City roasts pack hefty bittersweetness too, flavors of dark cacao, bean-to-bar chocolate, and a pungent burnt caramel note in the finish. Evaluated as espresso, Full City shots yielded bittersweet dark chocolate, cinnamon caramel, with finish accents of dried coconut and lemon peel.","The Mutovu coffee station was established as a in 2012 in Nyamasheke area of Western Rwanda. It is in an ideal area for growing coffee with rich soils, and with so many small holder coffee farmers, it's also a central location for a coffee washing station. The wet mill visits at 1800 meters, with coffee being grown in the area up to 1950 meters. Mutovu Coffee is fairly small compared to many of the other coops and washing stations we buy from, estimated output this year at 2 containers of coffee (roughly 85,000 lbs of milled coffee - twice the amount from when they started). Each farmer supplies their own cherries to the station, as well as collects cherries from their neighbors. We have been buying Mutovu every year since they were established, as well as visiting the coop on every trip to Rwanda we make. Each year we're seeing improvements at the mill, last year's included upgraded milling equipment, new drying beds and a brand new warehouse to better store their parchment coffee. They received CAFE Practices certification too, part of which which means they are separating process batches by day of delivery, a first step in identifying different levels of quality.",,,,,,,
Rwanda Rulindo Tumba 2,https://www.sweetmarias.com/rwanda-rulindo-tumba-2-8584.html,$9.25,Rwanda,"Tumba Town, Rulindo District, Northern Province",Africa,89,.5,9,9,8.8,9.1,8.7,8.8,9,8.5,9.1,8.5,0,3,4.5,2,2.5,2,2,4,0,0,3,3.5,Wet Process (Washed),Bourbon Types,Bourbon,Yes,Wet Process (Washed),Raised Bed Sun Dried,Jan 2026,30,60 KG,GrainPro Liner,A1,".2 d/300gr, 15-17 Screen",City to Full City+,Farm Gate,Yes,"Abundant sweetness and balanced flavors make Tumba a versatile coffee. Light roasts have a delicate side, moderately bright and tea-like, with traces of spice, rose hips, and citrus. City to Full City+. Good for espresso.","The dry fragrance has balanced fruit accents, accented by sweet notes of cane sugar, malt syrup, and fragrant spice. There's a real depth of sweetness that blossoms in the wet aroma, a complex mix of panela sugars, and honey, along with hints of chocolate raisin, and dried date. The brewed coffee has an abundance of sweetness in the light and middle roasts, with delicate aromatic characteristics bringing about moderate complexity as it cools. The sweetness is marked by notes of cane sugar and dark caramel, lightly accented by background traces of blackberry tea, and tart notes of rose hips and hibiscus. The finish at City and City+ displays a tannic bittering aspect, with emerging zested citrus bittering. Tumba's sweetness holds up to darker roast levels, and my Full City roast showed burnt sugar, and deep cocoa roast flavors, along with a thin layer of fruit. It's one of the more bodied Rwandan coffees too, and a longtime favorite single origin espresso around here: bittersweet, chocolate-laden, creamy body, with an aroma of cinnamon spiced raisin...so nice!","The coffee from Tumba washing station was on my radar for years before we first bought it almost a decade ago. When I first tasted it, the sweetness and bright acidic snap in the cup made a great impression. But at the time I noticed varied quality from one cup to the next, and a lack of consistency can mean problems in the processing. For a coffee buyer, it signifies that what you taste now might not be what you get upon importation. The backstory at the time was Tumba Station was a private processing wet mill that had 2 owners with very different ideas of quality and how to run a mill. Fast forward a few years, and we found ourselves purchasing Tumba for the first time under a very different light. A local teacher in the Tumba area for which the mill is named, had taken over all aspects, and the coffee was consistent in every cup ... and amazingly good! Venustre Mugraneza, the teacher, is esteemed in the local community and has been systematically improving the mill. The best coffee cherries (those that make up this lot) are dried in a special area of raised beds and receive focused handpicking by the farmers. Tumba is situated at 1825 meters in the Rulindo district, where we've also sourced the excellent Cocatu Cooperative lots.",,,,,,,
Rwanda Rusizi Gaseke,https://www.sweetmarias.com/rwanda-rusizi-gaseke-8514.html,$9.40,Rwanda,"Rusizi District, Western Province",Africa,88.4,.5,8.7,8.8,8.7,8.8,8.5,8.7,9,9,8.7,9,0,0,4,3,2,2,2,4,0,0,1.5,3.5,Wet Process (Washed),Bourbon Types,Bourbon,Yes,Wet Process (Washed),Raised Bed Sun-Dried,November 2025 Arrival,50,60 KG,GrainPro Liner,A1,".2 d/300gr, 15-17 Screen",City to Full City+,Farm Gate,,"Balanced flavors of raw sugar and milk chocolate, with bright flashes of fruit, and restrained top hints of plum tea, citrus, red berry, candied ginger, and tannic tea-like bittering. City to Full City+.","The fragrance and aroma show spice accented sweetness, with aspects of brown sugar and whole spices, chocolate, and raisin. The wet aroma is saturated with a more complex sweetness of partially refined sugars such as turbinado and demerara, along with a hint of sweet tea. Light roasts brew a very sweet cup of complex raw sugar notes, with bright flashes of fruit. The top notes seem a bit restrained at first, but start to emerge as the coffee cools off some. An accent of plum tea takes shape, along with a soft citrus/orange highlight, and cranberry. The underlying sweetness is clean, and the finish has a milk chocolate note accented by a hint of candied ginger, and some tannic tea-like bittering in the mouthfeel. Gaseke's sweetness was impressive in both light and darker roasts (Full City was as dark as we roasted it), and goes the long haul in the aftertaste. Chocolate roast tones have a bigger impact at Full City, and will certainly gain prominence with deeper roast development.","This fully washed Rwandan coffee comes from the village of Gaseke, located in Nyungwe Mountain National Park in the southern District of Rusizi. The Gaseke washing station has been in operation for 3 years now and serves about 400 regional farmers. That sounds like a lot, but in comparison to many other sites we buy from, it's about 1/3 the of the average size. It sits at 1500 meters above sea level and farms reach up to higher altitudes of 1800+. The Gaseke workers put a lot of hand labor into sorting out defects, and is noticeable when looking over the green. First, all of the coffee cherry delivered to Gaseke is spread out on tables where any over and under ripe coffee cherries are removed. Next, the cherry is transferred to tanks filled with clean water where the floating cherries (overripe coffee) are skimmed and processed as lower quality separations. Once the visible defects have been removed, the coffee is depulped down to parchment coffee and transferred to drying beds where it will be sifted through several times during the couple weeks it takes to dry. All this sorting makes for a more uniform coffee from one brew to the next since there are very few beans that will influence cup flavor.",,,,,,,
Rwanda Rusizi Mushaka,https://www.sweetmarias.com/rwanda-rusizi-mushaka-8516.html,$9.15,Rwanda,"Rusizi, Rwimbogo Sector",Africa,88.1,.5,8.7,8.8,8.5,8.7,9.2,8.6,8.8,8.5,8.8,9,0,4,3.5,2,2.5,2.5,0,4,0,0,2,4,Wet Process (Washed),Bourbon Types,Bourbon,Yes,Wet Process (Washed),Raised Bed Sun-Dried,November 2025 Arrival,50,60 KG,GrainPro Liner,A1,".2 d/300gr, 15-17 Screen",City to Full City+,Farm Gate,Yes,"A cup with layered sweetness and thick body, mildly bright accents that hint at citrus when roasted light, and syrupy bittersweets at darker levels. Honey, black tea, malted grains, spiced cocoa. City to Full City+. Good for espresso.","The grinds let off fresh, sweet smells, like when cracking a bag of brown sugar, with warming spice notes. The wet aroma showed caramel-sweet notes, warm butterscotch sauce, with a delicate hint of cinnamon tea. In the brewed coffee, the cup sweetness was layered with notes of brown sugars, demerara and sucanat, creamy honey, and a burnt sugar aspect in the aftertaste. As you move through the cup, top notes accent the sweetness, English Breakfast tea, malted grains, with some candied citrus accents that connect to a bittering orange rind aspect. A light lemon effervescence comes through in this context, mingling with an aroma that's slightly spiced and herbaceous. We found roasts in the middle ranges to have very nice bittersweet tones yielding flavor profiles of extra dark chocolate bar, Oaxacan spiced cocoa, and a hint of vanilla in the finish. Acidity is much milder at this roast level, and translates to espresso shots loaded with syrupy bittersweets; 80% dark chocolate, cacao nibs, mildly bright accents, a spritz of lemon, and a finish spiked with chocolate beer grain, and sandalwood.","This fully washed Rwandan coffee comes from the Mushaka washing station in Rusizi District. The wet mill was built by a woman named Beathe Nyirankunzurwanda in 2017, who has a background in trading coffee, and a desire to produce coffee herself (first photo, in yellow). She started off with a fairly small and simple operation, exporting a single container of coffee in her first year (roughly 40,000 pounds). Along with the help of her son, they have managed to grow capacity with each passing year, and processed around three full containers last harvest season. The Mushaka mill sits at 1800 meters above sea level, and is using a water conserving Penagos pulper to process coffee. After washing the fruit from the green coffee seeds, the coffee is dried on raised beds for upwards of three weeks. During that time, a lot of hand labor goes into sorting out defects, and makes for a very uniform appearance.",,,,,,,
Set: Box of Chocolates Flavor Set,https://www.sweetmarias.com/box-of-chocolates-flavor-set.html,$33.50,,Various Regions,Sample Sets,,,,,,,,,,,,,,,,,,,,,,,,,Various Process Methods,Varies,Varies - see review,No,Various Process Methods (See Reviews),,,,,GrainPro or Ecotact Liners,Top Grades,,,Sample Sets,Yes,"Unlock a range of bittersweet flavors in our 4 lb Box of Chocolates Flavor Set, all at a discounted price. A tasting set for fans of deep-toned, chocolatey flavors and boomy bass notes in their brew!","The pairing of coffee and chocolate is about as old as the beverage itself. This marriage should come as no surprise given they're both alkaloids, cultivated in similar regions, and perhaps most importantly, share a uniquely bittersweet flavor profile at their core. These four coffees were chosen for their ability to encapsulate that age-old pairing in the cup offering deep, delicious chocolatey flavor profiles that are easily developed with medium-to-dark roasting. The bittersweetness covers ground from roast tones found in coffee, and bitter-to-sweet flavors found in an array of different types of chocolates. Most of the coffees in this set typically work as espresso too, which is an added plus!",,,,,,,,
Set: Espresso Green Coffee Sampler,https://www.sweetmarias.com/green-coffee-sample-set-espresso.html,$32.50,,,Sample Sets,,,,,,,,,,,,,,,,,,,,,,,,,,,,No,,,,,,,,,,Sample Sets,,The Espresso Sampler includes pre-selected Sweet Maria's Blends and single origin coffees that are good as espresso. Starting off with a sample set is an economical way to start roasting and become familiar with origin flavor characteristics. Some of the single origin coffees and blends will not be available to order from our main coffee list since they are coffees that are going out of stock or are for sample sets only. You will receive 4 or 8 different 1 lb bags of green coffee.,"Our sample sets offer broad selection and big savings, perfect for those new to home coffee roasting and seasoned veterans alike! Starting off with a sample set is an economical way to try coffees from around the world, and explore different flavors with just 1 click. No need to do all the research either, we do that for you, grouping together coffees that are relatively easy to roast from distinct growing regions. Our fresh selection of coffees changes frequently with the harvest seasons, so there is no guarantee that you will receive the same coffees twice (coffee is produce, afterall). While most of the coffees have been available on our site at one time or another, you won't always be able to buy them separately from the sample sets.",,,,,,,,
Set: Fruit Basket Flavor Set,https://www.sweetmarias.com/fruit-basket-flavor-set.html,$35.50,,Various Regions,Sample Sets,,,,,,,,,,,,,,,,,,,,,,,,,Various Process Methods,Varies,,Yes,"Various Process Methods, and often features Dry Process (Natural), Honey Process, and Anaerobic Fermentation",Various Drying Methods,,,,GrainPro or Ecotact Liners,Top Grades,,,"Farm Gate, Sample Sets",,"Fruit flavors are the theme, featuring coffees that exemplify the many ways fruity notes manifest in coffee flavor profiles. This set includes 1 lb each from four different origins, and often different process methods, all at a discounted price!","Our ""Fruit Basket Flavor Set"" features 1 lb of four different coffees that display big fruit flavors at the front of the cup. The coffees chosen for this set don't just have fruited accents. Rather, ""fruit"" is a central theme, and each one showcases unique ways fruit notes are manifested in coffee flavors.",,,,,,,,
Set: Latest Coffee Additions,https://www.sweetmarias.com/latest-additions-coffee-set.html,$8.45,,"Africa, Central America, Indonesia & SE Asia",Sample Sets,,,,,,,,,,,,,,,,,,,,,,,,,Various Process Methods,Varies,,Yes,Various Process Methods (See Reviews),,,,,GrainPro Liner,Top Grades,,,"Farm Gate, Sample Sets",,"Our ""Latest Additions"" coffee set gets you 1 lb bags of all our latest listings. No jumping back and forth between different records to add them to your shopping cart. Simply click the ""Add to Cart"" button and you're on your way. It's that simple!","Want to buy our latest offerings? Never miss a new coffee with our ""Latest Additions"" coffee set, a sampling of 1 lb. bags from all our most recently added coffees that can be purchased in just one click. No jumping back and forth between different records to add them to your shopping cart. Simply click the ""Add to Cart"" button and you're on your way. It's that simple!",,,,,,,,
Set: Mini Green Coffee Sampler,https://www.sweetmarias.com/green-coffee-mini-sample-set.html,$19.50,,,Sample Sets,,,,,,,,,,,,,,,,,,,,,,,,,Various Process Methods,Varies,,No,,,,,,,,,,Sample Sets,,"A very economical way to try a variety of coffees, our Mini Sample Set includes 4 different coffees from a variety of origins in 1/2 lb bags.",Our Mini Sample Set includes 4 different coffees in 1/2 lb bags.,,,,,,,,
Set: Regular Green Coffee Sampler,https://www.sweetmarias.com/green-coffee-sample-set-regular.html,$33.50,,,Sample Sets,,,,,,,,,,,,,,,,,,,,,,,,,,,,No,,,,,,,,,,Sample Sets,,Pre-selected coffees from some of the different growing regions we offer. Starting off with a sample set is an economical way to start roasting and become familiar with origin flavor characteristics. These coffees will not typically be available to order from the our main coffee list since they are coffees that are going out of stock or are for sample sets only. You will receive either 4 or 8 different 1 lb bags of green coffee.,"Our sample sets offer broad selection and big savings, perfect for those new to home coffee roasting and seasoned veterans alike! Starting off with a sample set is an economical way to try coffees from around the world, and explore different flavors with just 1 click. No need to do all the research either, we do that for you, grouping together coffees that are relatively easy to roast from distinct growing regions. Our fresh selection of coffees changes frequently with the harvest seasons, so there is no guarantee that you will receive the same coffees twice (coffee is produce, after all). While most of the coffees have been available on our site at one time or another, you won't always be able to buy them separately from the sample sets.",,,,,,,,
Sumatra Aged Lintong - 5 Year Vintage,https://www.sweetmarias.com/sumatra-aged-lintong-5-year-vintage-8679.html,$9.15,Indonesia (Sumatra),Lintong Nihuta,Indonesia & SE Asia,87.3,5,7.8,8,7.2,8.7,10,7.5,7.9,7,10,8.2,0,0,2,2.5,0.5,0,0,5,2,5,5,5,Aged,Modern Hybrids,"Ateng, Bergendal, Djember, Typica",No,"Wet Hulled, and Aged for 5 Years",Patio Sun-Dried,Jun 2026,66,60 KG,GrainPro Liner,5 Year Aged (2021 Crop),"1+ d/300gr, 15 - 17 screen - the physical state is a little shocking, brownish in color, normal for aged coffee. We also came across the occasional stone. They are most easily spotted in roasted coffee.",City+ to French,,Yes,"Aged coffees yield intensely rustic flavors that tend to please the wet hulled coffee crowd. Earthy aroma, pungent bittering, brown spices, tobacco, cedar, pepper cask, thick body, and more. City+ to French. Good for espresso.","The first sip of an aged coffee might come as a shock, until your taste buds adapt themselves to the extreme flavors: intense, deep, woody, syrupy, rustic. Aged coffees are well-suited to darker roast levels, though I must say, we also found the City+ level to be quite interesting, if not agreeable! The grounds have an oaky fragrance, hickory bbq, and unsweetened cocoa, with a very light sweetness of a beeswax candle. The wet aroma is a mix of deep-toned bittersweetness and aromatic wood, though we also sensed a bit of dried fruit, and slight rum note. What an intense brewed coffee this is, heavy bodied with low acidity, deeply bittersweet, and with complex earthy aroma throughout. There are some initial sweet notes of sorghum syrup, and pungent caramelized sugars that fade to strong bittering notes, like a mix of unsweetened cocoa powder and fragrant brown spices, which lingers in the aftertaste. The sweetness is mild, but comes through in some of the rustic aromatics, like pipe tobacco, caramel popcorn, and fresh cut cedar boards. I also found it has this unique flavor I can best describe as the smell of a pepper cask grinder. If you've tried aged coffee, this should all sound familiar! They're a singular flavor type, and one you might find infinitely pleasing...or maybe not! Definitely for fans of wet hulled Indonesian coffees, as well as anyone who enjoys tasting the unique range of flavors found in different process methods. I think it really helps to let this one rest at least 3-4 days after roasting. The offgassing helps with extraction, and some of the disparate flavors from processing will start to coalesce with the heavier roast tones in the cup.","This crop of aged Sumatran coffee comes from a trio of coffee collectors working around Lintong Nihuta region in North Sumatra. Collectors are local intermediaries who often are the linchpin connecting farmers to the market. A lot rides on the long-standing relationships between collectors and farmers, and the collector is really the key person to determine coffee quality. Aged coffees from Indonesia have a long history; in the age of sail-powered marine transportation, everything arrived on US shores as aged coffee. Over time in the ship's hold, the coffee turned a dark color, and became seasoned with a host of flavors, some desirable and some certainly not. It's no surprise that the time it took to get from port to port increased the coffee's value. At that time Indonesian coffee fetched upwards to 27 cents per Lb, whereas Central and South American coffees cost around 3 cents. Now coffee is intentionally aged to transform the flavors - this lot was aged for 5 long years after wet hulling in a controlled manner. The coffee is typically stored in jute bags and stacked with pallets in between for aeration. Every few months, it will be rotated, often emptying from the bags onto the floor, and repackaging again to try and maintain consistency. Aged coffee is not just old, past-crop coffee. It is monitored during aging, regularly rotated and cupped for flavor as time goes by. This lot emulates this historic processing method, resulting in a truly unique, and intense Indonesian coffee profile. This lot was harvested in 2021, and initially wet-hulled, the traditional process method in Sumatra.",,,,,,,
Sweet Maria's 10 Speed Blend,https://www.sweetmarias.com/sweet-marias-10-speed-blend-7834.html,$8.85,,"Latin America, East Africa",Sweet Maria's Blends,88.2,1,8.5,8.7,8.7,8.8,9,8.5,9,8.5,8.5,9,0,1,3.5,2.5,1.5,1.5,1,4,0,0,1,4,Wet Process (Washed),Varies,"Bourbon, Caturra, Catuai, Typica",Yes,"Wet Process, and occasionally Honey Process",Patio and Raised Bed Sun-Dried,,,,GrainPro Liner,Top Grades,".4 d/300gr, 15-18 Screen",City to Full City+,Farm Gate,Yes,"Celebrating classic lines and versatility of the 10 Speed bicycle, this blend offers classic-toned flavors bittersweet and bright, and is extremely versatile in roasting and brew methods, including espresso. You could say it works great on all gears! City to Full City+. Good for espresso.","The Sweet Maria's 10 Speed Blend celebrates the classic lines and versatility of the 10 Speed bicycle that's rightfully earned legendary status in cycling. This blend is a mix of coffees that show classic-toned flavors bittersweet and bright, and is extremely versatile in roasting and brewing methods, including espresso. No matter the roast level, you can expect a syrupy sweetness in the cup that rounds out bright citrus in the light roast, and bittering low tones the closer you take it to Full City+. We tested several roast batches when putting this blend together, and were taken a back by the array of raw sugar flavors, even at 2nd Crack! This is due in part to the dense coffees chosen, as well as the prevalence of highly regarded varieties, like Bourbon, found in some of the coffee origins. Look for hints of fruit and spice, and balanced base flavors that work wonders in most any brew method, including as a base for milk drinks. And as espresso, the 10 Speed Blend is a home run! Intensely aromatic, satiny mouthfeel, with a confluence of tangy dark chocolate and citric bite, and a bittersweetness that hangs around in the long finish. Like the bike, I guess you could say our 10 Speed Blend works great on all gears!","Coffee and cycling have enjoyed a decades long connection that likely stretches back well before the early days of coffee company-sponsored cycling events (see FAEMA professional cycling team of the late 1960's). Whether it's coffee's burst of caffeine energy before the ride, or winding down with an espresso at the end of a tour, coffee has been a sort of touchstone for bringing together cyclists at 2-wheeled events and casual excursions. Our 10 Speed Blend celebrates the classic lines of the 10 Speed bicycle. Celebrated for it's agile footprint and versatility, it quickly became the steed of choice for commuter cyclists and racers alike. With versatility at the front of our minds, the 10 Speed Blend uses coffees that can be roasted light or dark, and that show well under any brew method or as espresso. You could say it's a blend that works great in any gear! Using coffees from similar altitudes aids in roast consistency, something that can be especially tricky when roasting pre-blended coffee light. We will mostly use wet process coffee, but have incorporated honey coffee in the past when it suits the flavor profile. We're looking to regions in East Africa and Central America for dense coffees that are classic-toned, balanced sweet and bittering flavors, and that carry some acidity too. The latter part can be snappy at City, or rounded and bittersweet at Full City. Don't be afraid to shift through a few different roat level to find the perfect cruising gear that suits your taste! Check out our roasting guidance here.",,,,,,,
Sweet Maria's Altiplano Blend,https://www.sweetmarias.com/sweet-maria-s-altiplano-blend.html,,,Central America,Sweet Maria's Blends,87.6,3,8.4,8.5,8.3,8.5,9,8.4,8.5,8.2,8.3,8.5,0,0,2,3,1,1,1,4,2,0,0,4,Wet Process (Washed),"Caturra Types, Bourbon Types, Typica Types, Modern Hybrids","Bourbon, Catuai, Caturra, Typica",Yes,Wet Process (Washed),Raised Bed Sun-dried,All current-new crop,,,GrainPro liner,SHB,".4 d/300gr, 15-17 screen","Full City - Full City+ for balanced roast flavors, and subtle top notes",Sweet Maria's Blends,Yes,"*Out of stock until Central America crop arrives Spring/Summer 2026.
An all Central American blend that brings syrupy body and balanced, bittersweet flavors to middle/dark roasts. Flavors of high % cacao bar, dark chocolate truffles, molasses, toasted almond, and shaved lemon peel. Full City to Full City+. Good for espresso.",*Out of stock until Central America crop arrives Spring/Summer 2026.,"The coffees of Central America are go-to ingredients for us when we want to bring body and sweetness to an espresso blend. So it stands to reason that blending all Central American coffees would only enhance those aspects even more, right? After tasting this trio all blended together, the answer is a resounding ""yes"". ""Altiplano"" is the word we are using for high plains, not to be confused with THE Altiplano in South America. From the Cordillera Central in Costa Rica, to the Los Cuchumatanes in Guatemala, to the Los Arados mountains in Nicaragua, we bring in a wide variety of coffees with unique cup profile, and that all work extremely well as espresso. Blended together, the resulting cup or espresso has balance, and with an acidity that is controlled by roast development. This blend was built with espresso in mind, and includes all wet-process coffees that offer balanced flavors, body, and at least one has moderate acidity too. Roasting to City+ will have the highest tones in the cup, though we prefer at least Full City in our espresso machine. Full City/Full City+ will produce a more ""classic"" espresso profile with chocolate roast pungency, deep sweetness, and a fruited acidity that to me has an orange zest-like quality (though the cup is far from ""fruity""). Altiplano is seasonal blend, and we'll be rotating new coffees in as they become available, updating the review when necessary.",,,,,,,
Sweet Maria's Espresso Monkey Blend,https://www.sweetmarias.com/sweet-maria-s-espresso-monkey-blend.html,$8.95,,"Africa, South America, Central America",Sweet Maria's Blends,88,5,8.5,8,7.5,9,9,9,8,7.5,9,7.5,0,1,3,2,3,1,2,4.5,2,3,1,5,Various Process Methods,Varies,Varies,Yes,Wet and Dry Process,Patio and Raised Bed Sun-Dried,All current-new crop,n/a,60 KG,GrainPro Liner,Top Grade,15-18 screen,"I like this blend best when the roast is stopped just as second crack becomes rapid, and shows no sign of slowing down. Actually, I like it a lot lighter than that too! I don't like this roasted to a dark, dark roast stage, Full French or Italian. This is because Brazilian coffees become ashy and began to bitter when roasted extremely dark. I believe strongly in a 36+ hour resting period before use for espresso extraction! It wont kill you to use it sooner... but you might notice sharp unpleasant notes.","Farm Gate, Sweet Maria's Blends",Yes,"We blend this for body, balanced between high and low tones, fruited-chocolate roast flavors, and slightly rustic fruited accent notes. Our roast goal is in the beginning stages of 2nd crack ... we never ""let it roll"", so we recommend FC+ to light Vienna roast.","We blend this for body, balanced between high and low tones, chocolate roast flavors, and slightly rustic fruited accent notes. Those are our goals, that is the ""spirit"" behind the blend, and we check it to make sure it meets those targets. This blend has historically been geared toward Full City to Full City+, without letting 2nd crack ""roll"" too long. The current ingredients include some dry process coffee from Africa and wet process from East Africa, which lend to big body and some fruited cup characteristics. There's also a nominal amount of a wet process Latin American coffee that helps round out the sweetness in the cup or shot.","A longtime favorite espresso blend intended solely for pump and piston type espresso extraction. This is a sweet but punchy little cup, and roasted fairly light it is a shock to the palette, but has great body and a smooth, sweet, stunning aftertaste. The joke behind the name: I imagine a fancy roaster charming a client in the cupping room, effusing about their ""Master Roaster"" and ""Master Blender"" and ""Master Cupper"", all in the trade for decades of course. Then I imagine the scene in their warehouse where hired apes rip open bags of green coffee and randomly hurl handfulls into the hopper for roasting. In other words, there's a lot of BS in the coffee trade, and blending is NOT really a noble art ...it's done to save cost and disguise coffee defects 80% of the time. The Irony? I have never worked so hard to develop a blend as this one, designed to cup well at a full range of ""espresso"" roasts, and developed as a pre-blend (all coffees roasted together to same degree of roast). Am I going to tell you exactly what is in it? No! I am feeling a bit snobby today! Espresso Monkey has become our signature blend for some reason or other, perhaps because it is a true standard that we have sought to maintain for so long, and that we put such nice coffees into it.",,,,,,,
Sweet Maria's Ethiopiques Blend,https://www.sweetmarias.com/sweet-marias-ethiopiques-blend-4839.html,$8.95,,Agaro and Guji,Sweet Maria's Blends,89.6,1,8.7,8.8,8.9,9.2,9,8.8,8.5,8.5,9.2,9,0,1,0.5,1,3,3,2,4,0,0,1.5,4,Wet Process (Washed),Heirloom Types,Heirloom Varieties,Yes,Wet Process (Washed),Raised Bed Sun-dried,2025,,,GrainPro liner,Grade 1,".4 d/300gr, 14+ screen",Full City,Sweet Maria's Blends,Yes,"Syrupy shots carry aggressive chocolate roast taste, moderate sweetness, bright aspects of lemon oil and candied citrus, dried cranberry, and piney resinous notes. Long-lasting on the palate. Full City. Good for espresso.","Ethiopian coffees at medium roast levels can be quite delicious, albeit a bit two-dimensional compared to the aromatic cups they produce when roasted light. But extracting those dark roasts in an espresso machine produces something quite different, and very intense. This all wet process Ethiopia blend (our original ""Ethiopiques"" blend!) is a mix of coffees from southern and western regions that extracts brightly accented bittersweetness and the syrupy shot. Full City roasts bring fruited suggestions to the otherwise pungent, chocolatey dry fragrance. The wet aroma follows in the same footsteps, with more clarification of fruited hints, raisin and lime, and an herbal dark chocolate note. The espresso shot is surprisingly syrupy. The chocolate roast taste is pungent, aggressive, bittersweet, and long-lasting on the palate. But it is also very clean, with moderate sweetness that goes the distance, finishing with a caramel stroopwaffel note. On top of this are piney resinous notes, bright aspects of lemon oil and candied citrus rind, and a dried cranberry that comes through in flavor and tart intensity. The body seems bolstered by the intense cup flavors, and has the effect of satiny chocolate. It's fantastic! The ristretto shots were interesting and very intense. As usual I preferred an almost equal ratio of grounds to yield, with 18 grams of coffee in, to 20-22 grams of espresso out, over 30 seconds.","This all wet process Ethiopia coffee blend was originally produced almost 15 years ago as our 17th Espresso Workshop blend. This version brings together coffees from Ethiopia's Western and Southern regions, Agaro and Guji specifically, that we found to really shine as medium-roasted espresso. It's high toned and bittersweet, and no surprise that it's been a fan favorite ever since. The coffees that went into this year's blend are nuanced, and while they are moderately bright, the resulting espresso isn't too puckering when taken to Full City, or stretched out in the roaster post 1st crack. In fact there is very intense chocolate roast taste formed by this specific coffee blend, that is the dominant character of the cup, topped with brightness, and fruited aroma. So what about the name? The ""Ethiopiques"" series are compilation records that highlight jazz, pop and traditional music from Ethiopia during the 1960's and 70's. I've lost track of how many they've released at this point, but every installment is chalk full of asymmetrical rhythms, folk instrumentation and funky grooves that are truly unique to this amazing country! They're a colorful portrait of Ethiopia's rich musical traditions and we highly recommend checking them out (if you haven't already)!",,,,,,,
Sweet Maria's Liquid Amber Espresso Blend,https://www.sweetmarias.com/sweet-maria-s-liquid-amber-espresso-blend.html,$8.55,,,Sweet Maria's Blends,86.6,7,7.5,8,7.8,8.3,10,8,8,6,9,7,0,0,2,2,0,0,0,5,2,3,0,5,,Varies,Varies,No,Varies,,,,,,,"1 d/300gr, 17-19 Screen - defect count will vary, but we're being on the safe side since the Monsoon coffee can have bug holes. That said, we buy the best visual and cup grade we can and this should not have an affect on flavor.","I advocate a Northern Italian style roast (lighter espresso roast, really a French roast, stopped 30-45 seconds into 2nd crack), but the blend works very well at the darker Southern Italian style roast (a full French roast actually, at the peak of a rapid 2nd crack). Either way, get this into 2nd crack and allow proper resting that espresso demands: 48+ hours is best. This blend works great in air and drum roast machines and I developed it test-roasting on both. If you notice a tingly ""baking soda effect"" in your mouth, then the coffee could use more rest.",Sweet Maria's Blends,Yes,"*Out of stock while we await India Monsoon coffee. ETA Spring 2026.
A potent blend for espresso beverages, and ideal for milk drinks. Caramel sweetness turns pleasingly pungent with 2nd snaps; spice, cacao and semi-sweet chocolate, savory notes, long aftertaste. Monsoon coffee and a small percentage of Robusta add crema and body. Full City+ to French roast. Good for espresso.",*Out of stock while we await India Monsoon coffee. ETA Spring 2026.,"I wanted an espresso blend that was potent, sharp, intense enough in flavor to cut through steamed milk, but clean enough in flavor profile to work as a straight espresso shot. I wanted it also to be complex and hint at all of those tastes, and more. Here's the product of a lot of overly-caffeinated days of experimentation: the Liquid Amber Espresso Blend. It is named for the rich color and multitude of crema it produces. The blend was fairly complex to come up with ... after I found the general tastes I wanted, emerging from aroma and first sip through the very long aftertaste (if I don't cleanse my palate with water I will taste this coffee for a very......long.....time) I needed to play with the exact percentages. The specific blend, hey ... it is my secret! But I will tell you that the 5 coffees that really worked toward the flavor goal I imagined ended up surprising even me! We've refined the recipe over the years, opting for wet a little wet process Latin American coffee, wet-hulled Indonesia, a monsooned coffee, and even a modicum of quality Robusta. And to keep this a mystery, the blend contains some coffees not on our list. I admit this is a pretty wacky blend by the current fashion in espresso toward lighter-roasted and acidic coffees; it's downright dated really. But it works in its own way. Some emphasis here is on the physical character of the espresso, hence the use of the monsooned coffee, which has properties in terms of crema that no other coffee possesses. Even in cupping the dynamics of the foam/bubbles are clearly different from other coffees due to the changes in the bean from the monsoon processing technique.",,,,,,,
Sweet Maria's Moka Java SWP Decaf Blend,https://www.sweetmarias.com/sweet-marias-moka-java-swp-decaf-7550.html,$10.15,,"Ethiopia, Brazil",Decaf,87.9,4,8.1,8.3,7.9,8.3,8.3,8,8.3,8.2,8.5,10,0,0,3,2.5,1.5,0,1.5,3.5,0,2,1,3.5,Swiss Water Decaf,"Bourbon Types, Heirloom Types",,Yes,"Dry Process, then Swiss Water Process Decaf",Patio and Raised Bed Sun-Dried,Early 2025 Arrival,20,,GrainPro Liner,Top Grades,"1 d/300gr, 14-18 Screen - mostly broken/chipped beans from decaf, you'll also notice the difference in bean size between Sumatran and Ethiopian components",City+ to Full City+,"Farm Gate, Decaf, Sweet Maria's Blends",Yes,"We offering what remains of this blend at a deeply discounted price as it includes coffee from early 2025. It still makes a solid dark roasted decaf, bittersweet and bodied, and works great as decaf espresso and for milk drinks. Full City to Full City+. Good for espresso.","*We are offering what remains of this blend at a deeply discounted price as it includes coffee from early 2025. It still makes a solid dark roasted decaf (FC/FC+), bittersweet and bodied, and works great as decaf espresso and for milk drinks.","*We are offering what remains of this blend at a deeply discounted price as it includes coffee from early 2025. It still makes a solid dark roasted decaf (FC/FC+), bittersweet and bodied, and works great as decaf espresso and for milk drinks.",,,,,,,
Sweet Maria's Moka Kadir Blend,https://www.sweetmarias.com/sweet-marias-moka-kadir-blend-4463.html,,,"Yemen, Ethiopia",Sweet Maria's Blends,88.2,4,8.2,8.7,7.5,8.8,9.8,7.8,8.6,7.3,9.5,8,0,0,3,2,3,0,2,4.5,1,3,1,5,Dry Process (Natural),Heirloom Types,"Mokha, Heirloom Cultivars",Yes,Dry Process (Natural),Patio Sun-dried & Raised Bed Sun-dried,All current crop coffee,n/a,n/a,GrainPro liner,Top Grades,"1d/300gr, 15+ screen - expect the occasional quaker in the roasted coffee, to be expected from dry process coffee, especially Brazil and Yemen",Full City to French,"Farm Gate, Sweet Maria's Blends",Yes,"The all dry process Moka Kadir blend offers an underpinning of rich chocolate low tones, rustic palm sugar-type sweetness, earthy dried fruits, velvety mouthfeel, and finishing hints that are leathery, herbal, fruited, and of course bittersweet. Full City to French. Good for espresso.","Our all dry-process Moka Kadir blend is a take on the classic ""Moka Java"", a blend with a storied history stretching back to early sail ships that transported coffee in their cargo from Yemen and Indonesia. It has all the bittersweetness we look for in a nice Moka Java, but with a fruited twist, and aromatic highlights. The aim is thick body, punchy bittersweets, and an array of fruits, the level of which is tied to roast level (darker = less fruit, higher bittersweetness). It makes a fantastic, creamy-textured espresso too, exhibiting a range of cocoa roast flavors - roasted cacao, high % dark chocolate, baking wafers - with rustic dried fruit behind it, wisps of whole spices, and leathery accents in the nose. For the ingredients, dry process coffee from Yemen is a base, with dry process Ethiopia bringing more of the fruited-chocolate flavors. We also incorporate a nominal amount of dry process Brazil to bolster body and cocoa flavors, though it is currently 1 part Yemen to 2 parts Ethiopia until we find a suitable Brazil replacement. Moka Kadir is best roasted to at least Full City, but can be taken into 2nd Crack and still show nuanced fruits. We find the flavors really coallesce with 2-3 days rest, not to mention the off-gassing lends to improved extraction.","Moka Kadir is a staple on our list most of the year...or at least as long as we have Yemeni coffee in stock! The components are all dry-processed coffees from Yemen, Ethiopia and small amount of Brazilian coffee. Between these three, we find an espresso on the rustic and exotic side, some fruit-forward character and earth-toned bittersweetness in full effect. It's great as espresso in the Full City+ to French roast territory, and the mix of dry process coffees handle well in the roaster, regardless of the difference in density when sticking to the recommended roast range. Slowly ramping up the heat will also help in this effort if your roaster has manual heat control. For those without (like a popper for example), try slowing your roast by slightly overloading the chamber and I wouldn't stop the roast development until you're on the heels of 2nd snaps. (I ""overload"" the roast chamber by first turning the popper on, then adding coffee until just after it stops moving - it should only take a few seconds to get the coffee moving again). A balance of sweet and bittersweet flavors are achieved with rustic layers woven in, both fruited and aromatic earthy notes. Moka Kadir has incredibly velvety body too that works very well in milk drinks.",,,,,,,
Sweet Maria's New Classic Espresso,https://www.sweetmarias.com/sweet-maria-s-new-classic-espresso.html,$8.75,,,Sweet Maria's Blends,88.7,4,8,8.5,7.8,9,10,8.7,8.2,8,8.5,8,0,0,2,3,1.5,1,1,5,1,0.5,2,5,Various Process Methods,Varies,Varies,Yes,Varies,,,,,,Top Grade,".6 d/300gr, 15-18 Screen","We recommend a range of roasts from FC, FC+ to light Vienna. That means just ending the roast just before 2nd crack (FC), a few snaps into 2nd crack (FC+), or as second crack begins to gain some momentum (Vienna)","Farm Gate, Sweet Maria's Blends",Yes,"A classic, balanced espresso, but without the baggage of the old world espresso conventions ...and without robusta! The espresso has balanced bittersweet notes, thick and opaque body, almond and chocolate roast flavors, hints of spiced fruit in aroma. Full City+ and beyond.","While this blend is designed primarily for a Full City roast, stopping the roast before 2nd crack, it also works well with a darker roast treatment. It does not have the extreme brightness that have been the trademark of some of our Espresso Workshop blends; it is a bit more restrained in it's overall demeanor. The cup has a balance between sweet and bittersweet flavors, moderate bright accent, soft traces of fruit, body and depth. The Full City roasts have a very sweet aromatic side, lightly fruited with plum and a hint of spice (cinnamon, cardamom). Darker roasts tend toward chocolate laced with dark fruit tones, in both aroma and cup flavor. Both have a firm, opaque body, which only helps strengthen the creamy dark chocolate flavors, along with toasted almond roast notes as the espresso cools. In the aftertaste, dark fruits accent a very sweet finish for espresso. There are whole spice hints, like anise, too, which with the fruited accent made me think of fruit-flavored licorice. Of course, results vary with how the espresso machine and grinder are set up. We use 8.5 bars of pressure at the head, with 202-205 degrees water temperature (measured at the head) to start, dropping to about 198. At higher temperatures, it's a more aggressive espresso with a bittersweet edge and well-suited to milk drinks.","Once there was ""Classic Italian,"" our espresso blend to set the benchmark for traditional European-style espresso. It was a blend based on quality Brazil coffees, with a touch of aromatic Central American coffee to add a grace note to the cup, and it had a small percentage of premium robusta in it for crema, mouthfeel, and to add traditional flavors found on the continent. But times change and tastes change. Espresso culture is much less Euro-centric, and for good reason. While Italy gave us espresso, the general quality of your average espresso there can be quite poor. Don't even talk about coffee in France. The big brands in Europe are largely run by multi-nationals who keep a close watch on price, and gleefully buy lower quality green coffee if they can save .01 Euro. The privates follow suit, in order to compete. Of course, there are many exceptions, but the darker roast styles, well into 2nd crack, to cover up the use of low quality green coffee ... well, that is NOT something to emulate. For Sweet Maria's, espresso has never been our ""dumping ground"" for coffees we can't sell, old lots, or ones with mild defect. It's been a program where we have dedicated time, focus in cupping, and roast testing. With this in mind, we want to start over again, and offer New Classic, a somewhat silly name, an oxymoron, and overused ... but it says what I want it to say: Here is the new benchmark espresso with sweet-bittersweet balance, body, crema, and finesse, the core definition of the espresso beverage, and defines it in the established West Coast espresso style (clean, bright notes) without the burden of European espresso conventions. In other words, no robusta! Oh, and No obsessive interest in crema! (You can produce buckets of crema in espresso and still have a very mediocre-tasting cup. What ... do you make espresso just to look at the beautiful crema? No dummy, you make it to drink it!). New Classic generally involves Brazil as one of the base ingredients, with washed Centrals and South American coffees bolstering sweetness, and of course, chocolate roast tone. Blend ingredients will change with what's in season, but we always shoot for flavor continuity.",,,,,,,
Tanzania Mbozi Songwe AA,https://www.sweetmarias.com/tanzania-mbozi-songwe-aa-8623.html,$8.35,,"Songwe, Mbozi",Africa,88.4,.5,8.6,8.8,8.9,8.7,8.5,8.7,9,9,8.7,9,0,0,4,1,2.5,2.5,0,2.5,0,0,2.5,3.5,Wet Process (Washed),Bourbon Types,"Bourbon, N39",No,Wet Process (Washed),Raised Bed Sun-Dried,Apr 2026,43,60 KG,GrainPro Liner,AA,".4 d/300gr, 17-18",City to Full City,,,"Very nice cup clarity, layered sweetness, and vivid, tea-like acidity. Shows an array of raw sugar flavors, accents of dried fruit and fragrant spices, and a brisk, mouth-cleansing finish. City to Full City.","Fragrant citrus hints come through the clean sweet smells in the dry fragrance, marked by notes of demerara sugar, lemon zest, and fruit tea. The wet aroma showed a dark fruit and spice notes, raisins sprinkled with 5 Spice, and a strong scent of unrefined sugars. The cup has some of the vivid brightness common in East Africa coffees, not quite the intensity of high-toned coffees you might find in neighboring Kenya, but on par with tea-like coffees from Burundi and Rwanda. The cup profile is focused around sweet flavors that are layered with notes of clean raw sugars, like sucanat, turbinado, aromatic piloncillo, and more. My pour-over brew had very nice cup clarity as it cooled, opening up to accents of dried mango, fragrant orange peel, and cinnamon. The acidity in the City/City+ roasts is a lot like black tea, brisk in mouthfeel, and ending with a familiar tannic bittering in the aftertaste.","This coffee comes form the Mbewe washing station in Songwe, Mbozi and was founded in 2018. Initially, they purchased coffee from smallholders in the surrounding region that was home-processed on small pulping machinery. In 2024 they built out a wet mill so they could start buying cherry, and processing the coffee themselves. This allows for more systematic quality control that can start before the coffee is pulped of its cherries. It's also allowed them to expand their reach. They currently buy from just under 200 farmers, whose farms span an altitude range of 1600 to 1800 meters above sea level. The coffee is pulped of its fruit and then fermented for 24-36 hours prior to washing away the sticky mucilage layer. After the coffee is rinsed, it is moved to raised beds where it will dry in 1-2 weeks depending on sun exposure. This is the ""AA"" grade, which is a separation of the largest coffee seeds. Coffee plants produce a range of bean sizes and shapes (see our peaberry lot from this supplier), and mills use machinery and sieve screens to separate different size ranges, the most common Specialty grades being AA, AB, and Peaberry.",,,,,,,
Zambia Dry Process Kasama Misambo,https://www.sweetmarias.com/zambia-dry-process-kasama-misambo-8603.html,$8.75,Zambia,"Masambo, Kasama",Africa,87.9,2,8.5,8.5,8.3,8.5,8.8,8.7,8.5,8.5,8.6,9,0,0,2,3.5,1,0,1,5,0,0,3,4,Dry Process (Natural),Modern Hybrids,Catimor,No,Dry Process (Natural),Patio Sun-dried & Raised Bed Sun-dried,January 2026 Arrival,25,60 KG,GrainPro Liner,AAA and AA,".6 d/300gr, 15+ Screen",City to Full City+,,Yes,"Not a ""fruity"" dry process, but offers bittersweet boomy flavors, sweetly accented roast tones, burnt sugar, soft acidity, hints of dried berry, dried herbs and brown spices. City to Full City+. Good for espresso.","This isn't a ""fruity"" dry process coffee, and instead offers bittersweet and boomy flavors, sweetly accented roast tones, and herbal hints. The ground coffee had a molasses note to the sweetness that gives way to muted dried fruits, while the wet aroma showed smokey caramelized aspects in both City+ and Full City roasts, dark cocoa, with a savory saffron note. Roast toned flavors marked the cup, with cocoa intensity at all roast levels we tried. Light roasts brought out subtle fruit notes, dried berry, bringing soft brightness to the flavors. The profile at City+/Full City felt well rounded, the dark chocolate flavors grounding the cup, with accents of burnt sugar, dried tarragon, and brown spices in the aroma. The finish is long, unfurling to bittering cocoa and a hint of red chili that together reads like spiced mole. This is a very versatile Zambian coffee with favorable flavors across a wide roast range, and lower acidity and body that come with deeper roast development make it an excellent candidate for espresso.","Zambia is not a coffee growing country we see many samples from. There is plenty of coffee being exported from the region, but their coffee-growing history is much younger than those that surround them. The first coffee was planted in Zambia in the 1950s, however, it wasn't until the last few decades that it became a major contributor to Zambia's agri-business sector. Kateshi is one of a cluster of coffee estates are very close to Kasama town, in Zambia's Northern Province. Estates and ""plantations"" make up the bulk of coffees that are exported from Zambia. Altitude at Kateshi ranges from 1300 to 1500 meters above sea level. This is a dry process, meaning the whole coffee cherry is laid out to dry on the patio. While this process often leads to fruity flavors, that isn't the case with this Zambia. The green looks very clean, and the flavors are well balanced, and bittersweet more than anything else. There are a lot of Catimor hybrid types grown in the region for disease resistance, which also happen to produce seeds that are quite large and would lend to the AAA grade (the largest grade).",,,,,,,
